ID,Primary Thematic,Secondary Thematic,Platform,Content Family,Content Types,Owner Team,Author Team,Contact Team,Content Name (EN),Content Name (FR),Instance Name (EN | FR),Content Version,Default Language,Other Languages,Status,Creation Date,Published Date,Last Update Date,Next Review Date,Content Description,Activities,Audience,Data Classification,Periodicity,Key Words,Comms GPT?,Pre-Archiving?,Content Published Link,Content - Event Name,Content - Persons,Content - Geo,Content - BNPP Entities,Content - Times,Content - Cause,Content - Consequence,Content - Thematics
CNT_001,Client Experience,Satisfaction;CRM,Internal Only;Corporate Website,Report,Video,Legal Counsel,Legal Counsel,Press & Media,Data Governance Comms Plan,Plan de Communication Data Governance,Data Governance Comm | Plan de Communicatio,1.0,French,French;Italian,Published,2023-02-08,2024-06-06,2024-02-04,2025-12-16,"This content covers client experience for clients. It provides key insights, guidelines and best practices to support decision making and compliance.",Strategic Planning;HR Process;Audit,All Employees;Regulators,Public,Annual,finance;risk;sustainability,Yes,Yes,https://intranet.bnpparibas.com/content/001,Audit Committee,CFO,Middle East;Benelux,Arval;Hello bank!;Nickel,Immediate,,,governance;risk;transformation
CNT_002,Operations,Procurement,Social Media,Report,Email,People Analytics,Recruitment,Reporting,2024 ESG Annual Report,Rapport Annuel ESG 2024,2024 ESG Annual Repo | Rapport Annuel ESG 2,2.2,English,,Published,2023-02-16,2023-05-31,2024-12-07,2026-03-10,"This content covers operations for regulators. It provides key insights, guidelines and best practices to support decision making and strategy.",Digital Initiative,Executive Committee;Regulators;Clients,Confidential,Annual,digital;innovation;data,,Yes,,Townhall,,APAC,Cetelem;Arval;Floa,Multi-year,Regulatory Change,Cost Reduction,ESG;finance;compliance;transformation
CNT_003,Innovation,Blockchain;Open Banking,Social Media;SharePoint,Campaign,Podcast,Recruitment,Regulatory Affairs,Employee Engagement,Monthly HR Newsletter,Newsletter Mensuelle RH,Monthly HR Newslette | Newsletter Mensuelle,1.1,French,Portuguese,Active,2023-04-20,2024-07-24,2024-04-26,2025-06-11,"This content covers innovation for partners. It provides key insights, guidelines and best practices to support decision making and operations.",Communication;Audit,Regulators;All Employees,Internal,Monthly,innovation;ESG;sustainability;transformation;culture,In Progress,No,,Board Meeting,CRO;CIO;CFO,Americas;APAC,Arval;BNP Paribas Cardif,Short-term,Strategic Decision,Compliance,culture;transformation;innovation
CNT_004,Digital Transformation,Automation,Corporate Website;SharePoint,Newsletter,Post,Reporting,Henri Dupont,Strategy,GDPR Compliance Guide,Guide de Conformité RGPD,GDPR Compliance Guid | Guide de Conformité ,1.3,English,Italian,Under Review,2021-10-13,2023-07-22,2025-04-06,2026-03-11,"This content covers digital transformation for risk officers. It provides key insights, guidelines and best practices to support decision making and compliance.",Data Management;Communication,Risk Officers;Regulators;Managers,Public,Ad hoc,ESG;AI;sustainability;data;risk,In Progress,Yes,https://intranet.bnpparibas.com/content/004,Board Meeting,Head of Comms;Business Line Head,Europe;Middle East,Hello bank!,,Internal Initiative,,culture;sustainability
CNT_005,Risk Management,Market Risk;Operational Risk,Corporate Website;Teams,Reference Document,Dashboard,Data Office,Finance,Recruitment,Operational Risk Dashboard,Dashboard Risques Opérationnels,Operational Risk Das | Dashboard Risques Op,3.2,English,,Active,2020-01-14,2025-01-06,2024-06-04,2026-04-07,"This content covers risk management for board. It provides key insights, guidelines and best practices to support decision making and compliance.",Digital Initiative,Partners;Regulators;Executive Committee,Internal,Weekly,innovation;culture;finance,In Progress,Yes,,,,Benelux;APAC,BNP Paribas Leasing,Multi-year,Market Evolution,Efficiency Gain,sustainability;digital;compliance;risk
CNT_006,People & Culture,Onboarding,Teams;Mass Mailing,Report,Podcast,Data Office,People Analytics,Press & Media,Data Quality Policy,Politique Data Quality,Data Quality Policy | Politique Data Quali,3.3,English,,Published,2021-09-04,2023-05-20,2024-01-12,2025-12-27,"This content covers people & culture for partners. It provides key insights, guidelines and best practices to support decision making and strategy.",Regulatory Reporting;Data Management,Managers,Internal,Ad hoc,compliance;finance,No,No,https://confluence.bnpparibas.com/pages/006,,COO,Americas,Floa;Arval;Hello bank!,Short-term,Market Evolution,Better UX,reporting;AI
CNT_007,Risk Management,Liquidity Risk;Credit Risk,Social Media,Report,Post,Social Media,Reporting,People Analytics,Q3 Performance Report,Rapport de Performance Q3,Q3 Performance Repor | Rapport de Performan,2.2,English,English;Italian,Archived,2022-01-23,2024-03-21,2024-01-18,2025-11-28,"This content covers risk management for executive committee. It provides key insights, guidelines and best practices to support decision making and compliance.",Strategic Planning;Data Management;Digital Initiative,Executive Committee;Regulators,Internal,Quarterly,client;innovation;reporting;risk;ESG,In Progress,No,https://confluence.bnpparibas.com/pages/007,Audit Committee,CRO,Africa,BNP Paribas SA,,Regulatory Change,Compliance,culture;sustainability
CNT_008,People & Culture,Well-being;Training,Confluence,Reference Document,Post,Social Media,Recruitment,Data Office,Responsible AI Charter,Charte IA Responsable,Responsible AI Chart | Charte IA Responsabl,3.1,English,Portuguese;Spanish,Approved,2021-05-31,2023-07-19,2024-11-12,2025-10-01,"This content covers people & culture for managers. It provides key insights, guidelines and best practices to support decision making and communication.",Client Relationship;Data Management;Regulatory Reporting,Managers;Risk Officers;Partners,Internal,Monthly,governance;strategy;ESG,No,No,,Digital Day,,APAC,BNP Paribas SA,Immediate,Regulatory Change,Risk Mitigation,digital;compliance;risk;transformation
CNT_009,Compliance,Sanctions;AML,Corporate Website;SharePoint,Press Release,Document,Data Office,Strategy,Recruitment,Cybersecurity Training Plan,Plan de Formation Cybersécurité,Cybersecurity Traini | Plan de Formation Cy,5.0,English,German;Spanish,Approved,2021-04-20,2023-06-13,2025-03-04,2026-08-30,"This content covers compliance for clients. It provides key insights, guidelines and best practices to support decision making and strategy.",Client Relationship;Regulatory Reporting;Data Management,Regulators;All Employees,Internal,Monthly,compliance;data;digital;risk;transformation,In Progress,No,,Regulatory Deadline,,LATAM;APAC,Hello bank!;BNP Paribas CIB,Short-term,Strategic Decision,Efficiency Gain,AI;strategy;innovation;transformation
CNT_010,ESG,Governance;Social Impact,Social Media,Dashboard,Podcast,IT Operations,Strategy,Data Office,Regulatory Watch Bulletin,Bulletin de Veille Réglementaire,Regulatory Watch Bul | Bulletin de Veille R,5.3,French,English;French,Archived,2021-10-28,2024-09-19,2025-04-28,2026-06-21,"This content covers esg for board. It provides key insights, guidelines and best practices to support decision making and communication.",Communication;Strategic Planning,Regulators,Internal,Annual,data;client,Yes,Yes,,Townhall,,Africa;Benelux,BNP Paribas SA;Hello bank!,Immediate,Strategic Decision,Efficiency Gain,compliance;ESG
CNT_011,People & Culture,Leadership;Performance,Internal Only,Report,Presentation,Recruitment,Regulatory Affairs,Legal Counsel,Cloud Strategy 2025,Stratégie Cloud 2025,Cloud Strategy 2025 | Stratégie Cloud 2025,3.1,French,,Archived,2021-02-10,2024-03-08,2024-08-29,2026-12-02,"This content covers people & culture for all employees. It provides key insights, guidelines and best practices to support decision making and communication.",Client Relationship;Data Management;Audit,Board,Restricted,One-time,culture;data;strategy,Yes,Yes,https://sharepoint.bnpparibas.com/sites/011,Regulatory Deadline,,Middle East,Floa;BNP Paribas Leasing;Nickel,Long-term,Internal Initiative,,innovation;digital;strategy
CNT_012,ESG,Governance;Social Impact,Teams;Mass Mailing,Training,FAQ,Reporting,Social Media,Regulatory Affairs,Annual Social Balance Sheet,Bilan Social Annuel,Annual Social Balanc | Bilan Social Annuel,3.3,French,Spanish;English,Draft,2022-01-02,2025-02-17,2024-10-30,2025-08-04,"This content covers esg for clients. It provides key insights, guidelines and best practices to support decision making and communication.",Strategic Planning;Communication;Risk Control,Executive Committee;Regulators;All Employees,Public,One-time,data;risk;sustainability;strategy,No,Yes,,,,APAC;Global,BNP Paribas SA,Immediate,Client Request,,transformation;AI;culture
CNT_013,Digital Transformation,API Strategy;Cloud,Intranet,Campaign,Video,IT Operations,Henri Dupont,Recruitment,Innovation Framing Note,Note de Cadrage Innovation,Innovation Framing N | Note de Cadrage Inno,3.2,English,Spanish,Published,2021-06-09,2023-06-03,2024-10-31,2026-07-13,"This content covers digital transformation for regulators. It provides key insights, guidelines and best practices to support decision making and communication.",Communication,Managers,Internal,Annual,ESG;reporting;governance;AI;compliance,,Yes,https://sharepoint.bnpparibas.com/sites/013,,CEO,France;Benelux,Floa;BNP Paribas Cardif;Cetelem,Short-term,Audit Finding,Risk Mitigation,transformation;sustainability;reporting
CNT_014,People & Culture,Onboarding;Training,Teams,Press Release,Dashboard,Press & Media,Henri Dupont,Regulatory Affairs,Enhanced KYC Procedure,Procédure KYC Renforcée,Enhanced KYC Procedu | Procédure KYC Renfor,4.3,French,,Published,2022-08-12,2024-08-15,2024-12-18,2025-09-28,"This content covers people & culture for clients. It provides key insights, guidelines and best practices to support decision making and compliance.",HR Process;Regulatory Reporting,All Employees;Board;Risk Officers,Restricted,Annual,client;data,,Yes,,,Business Line Head,Benelux;APAC,BNP Paribas Cardif;Floa,Medium-term,Regulatory Change,Compliance,ESG;compliance
CNT_015,Compliance,Sanctions,Internal Only,Communication,Document,Recruitment,People Analytics,People Analytics,Internal Audit Report,Rapport Audit Interne,Internal Audit Repor | Rapport Audit Intern,5.1,French,French,Under Review,2022-12-15,2024-09-27,2025-04-17,2025-09-19,"This content covers compliance for clients. It provides key insights, guidelines and best practices to support decision making and strategy.",HR Process;Strategic Planning;Training,Partners;Managers;Risk Officers,Confidential,Annual,data;governance;sustainability;finance,In Progress,Yes,,Audit Committee,Business Line Head,Africa;APAC,Arval;Cetelem,,Audit Finding,,transformation;digital
CNT_016,ESG,Diversity & Inclusion,SharePoint,Report,Email,Finance,Henri Dupont,Data Office,Digital Roadmap,Feuille de Route Digital,Digital Roadmap | Feuille de Route Dig,5.1,English,,Archived,2021-10-16,2023-06-02,2024-11-04,2025-12-28,"This content covers esg for risk officers. It provides key insights, guidelines and best practices to support decision making and operations.",Risk Control,All Employees,Public,Weekly,culture;compliance;ESG;governance,No,Yes,https://confluence.bnpparibas.com/pages/016,Annual Results,Chief Risk Officer;Business Line Head,Americas,Nickel;BNP Paribas Cardif;Cetelem,Short-term,Client Request,Risk Mitigation,client;compliance;strategy
CNT_017,Risk Management,Liquidity Risk,Mass Mailing,Dashboard,Presentation,Employee Engagement,Henri Dupont,Press & Media,Annual Results Communication,Communication Résultats Annuels,Annual Results Commu | Communication Résult,3.3,French,Spanish,Published,2021-11-07,2024-07-19,2024-07-31,2025-06-30,"This content covers risk management for regulators. It provides key insights, guidelines and best practices to support decision making and operations.",Strategic Planning,Partners;Managers,Internal,Quarterly,AI;compliance,,Yes,,Regulatory Deadline,,Americas,Arval;Floa,Short-term,Client Request,Efficiency Gain,digital;transformation;risk;AI
CNT_018,Digital Transformation,AI & ML,Confluence,Newsletter,Infographic,IT Operations,Employee Engagement,Data Office,Manager Onboarding Guide,Guide Onboarding Manager,Manager Onboarding G | Guide Onboarding Man,3.0,French,Portuguese;French,Draft,2021-02-25,2023-10-13,2024-02-23,2026-06-26,"This content covers digital transformation for executive committee. It provides key insights, guidelines and best practices to support decision making and compliance.",Data Management;Client Relationship,Partners,Public,Ad hoc,reporting;data;transformation;governance,Yes,No,,,CDO,France,Nickel;BNP Paribas CIB;Hello bank!,,Strategic Decision,Process Improvement,governance;data
CNT_019,Finance,Budget,Intranet,Dashboard,Email,Reporting,IT Operations,Regulatory Affairs,Client Dashboard,Tableau de Bord Clients,Client Dashboard | Tableau de Bord Clie,4.3,English,Spanish;Italian,Archived,2023-02-28,2023-04-08,2024-03-01,2025-12-20,"This content covers finance for executive committee. It provides key insights, guidelines and best practices to support decision making and operations.",Communication;Client Relationship;Regulatory Reporting,Partners;All Employees;Board,Public,Annual,digital;governance,Yes,No,,,Chief Risk Officer;Business Line Head,Africa;France,Cetelem,Medium-term,Technology Evolution,Cost Reduction,strategy;finance;governance
CNT_020,Compliance,MiFID II;GDPR,Mass Mailing;Corporate Website,Press Release,Document,Finance,Recruitment,Press & Media,Business Continuity Plan,Plan de Continuité d'Activité,Business Continuity  | Plan de Continuité d,1.3,French,Spanish;German;English,Archived,2021-09-06,2023-01-05,2024-01-03,2026-10-17,"This content covers compliance for executive committee. It provides key insights, guidelines and best practices to support decision making and operations.",Communication;Regulatory Reporting;Training,Board;Regulators;Risk Officers,Restricted,Monthly,finance;sustainability;reporting;compliance,Yes,No,,,,Africa;Global,Floa,Multi-year,,Process Improvement,digital;AI
CNT_021,Compliance,GDPR;AML,Social Media,Communication,FAQ,Recruitment,Reporting,IT Operations,Risk Committee Summary,Synthèse Comité des Risques,Risk Committee Summa | Synthèse Comité des ,3.1,English,French,Active,2023-02-14,2023-09-29,2024-05-02,2025-07-26,"This content covers compliance for regulators. It provides key insights, guidelines and best practices to support decision making and strategy.",Training;Data Management;Risk Control,Board;Partners,Restricted,Monthly,client;digital,Yes,Yes,https://sharepoint.bnpparibas.com/sites/021,,Business Line Head;CDO,LATAM,Hello bank!,Multi-year,Internal Initiative,,innovation;client;strategy
CNT_022,Innovation,Fintech,Corporate Website;Intranet,Campaign,Article,Recruitment,Press & Media,Regulatory Affairs,Sustainability Report,Rapport Développement Durable,Sustainability Repor | Rapport Développemen,4.1,French,,Published,2020-02-14,2023-03-05,2024-02-13,2025-10-03,"This content covers innovation for managers. It provides key insights, guidelines and best practices to support decision making and strategy.",Client Relationship;Strategic Planning;Regulatory Reporting,Clients;Partners,Confidential,Quarterly,innovation;AI,In Progress,No,,Board Meeting,CRO;Head of Comms,Africa,BNP Paribas CIB;BNP Paribas Leasing;Floa,Long-term,Client Request,Better UX,client;ESG;innovation;governance
CNT_023,ESG,Social Impact;Green Finance,SharePoint;Mass Mailing,Dashboard,Video,Reporting,Henri Dupont,IT Operations,Data Governance Manual,Manuel Gouvernance des Données,Data Governance Manu | Manuel Gouvernance d,2.1,French,French,Draft,2021-07-22,2023-01-11,2025-02-19,2026-10-17,"This content covers esg for managers. It provides key insights, guidelines and best practices to support decision making and strategy.",Training;Communication;Digital Initiative,All Employees,Confidential,Ad hoc,client;strategy,,No,,Digital Day,CDO,Global;LATAM,BNP Paribas SA;BNP Paribas Cardif,Multi-year,Strategic Decision,Better UX,compliance;innovation;client
CNT_024,Compliance,AML,Social Media,Newsletter,FAQ,Press & Media,Henri Dupont,People Analytics,EXCO Strategy Presentation,Présentation COMEX Stratégie,EXCO Strategy Presen | Présentation COMEX S,2.1,English,German;Italian;Portuguese,Active,2023-02-22,2025-03-24,2024-08-14,2026-07-22,"This content covers compliance for regulators. It provides key insights, guidelines and best practices to support decision making and operations.",Regulatory Reporting;Strategic Planning;Data Management,Board,Restricted,Quarterly,governance;ESG;risk;digital;data,Yes,Yes,,ESG Summit,CIO,APAC;Middle East,Floa,,,Compliance,client;sustainability;digital
CNT_025,ESG,Governance,Social Media,Training,Email,Recruitment,Social Media,Regulatory Affairs,Regulatory Reporting Guide,Guide de Reporting Réglementaire,Regulatory Reporting | Guide de Reporting R,5.2,English,Italian;French,Archived,2022-03-26,2024-03-06,2024-02-21,2026-10-29,"This content covers esg for board. It provides key insights, guidelines and best practices to support decision making and strategy.",Data Management,Partners;Board;Risk Officers,Internal,Annual,sustainability;strategy;AI;digital,In Progress,No,https://confluence.bnpparibas.com/pages/025,Townhall,Chief Risk Officer,Benelux;Global,Cetelem,Long-term,Client Request,Process Improvement,innovation;data;sustainability
CNT_026,People & Culture,Training,SharePoint;Mass Mailing,Training,Infographic,Regulatory Affairs,Recruitment,IT Operations,GenAI Adoption Playbook,Playbook Adoption GenAI,GenAI Adoption Playb | Playbook Adoption Ge,2.3,English,,Draft,2020-09-24,2023-02-15,2024-08-23,2026-03-02,"This content covers people & culture for regulators. It provides key insights, guidelines and best practices to support decision making and communication.",Risk Control;HR Process,Risk Officers;Managers;Clients,Confidential,One-time,finance;sustainability;client;risk,No,No,,Regulatory Deadline,,Benelux;LATAM,BNP Paribas SA,,Internal Initiative,,compliance;strategy;ESG;finance
CNT_027,Data & AI,GenAI,SharePoint;Internal Only,Report,Dashboard,People Analytics,Social Media,Legal Counsel,Employee Engagement Survey,Enquête Engagement Collaborateurs,Employee Engagement  | Enquête Engagement C,5.1,French,German;Portuguese,Published,2021-01-19,2025-03-30,2024-07-14,2026-06-23,"This content covers data & ai for risk officers. It provides key insights, guidelines and best practices to support decision making and communication.",Communication;Training,Regulators;Executive Committee,Confidential,Monthly,governance;client,No,Yes,,Digital Day,CIO;Head of Comms,Americas,BNP Paribas Leasing;BNP Paribas SA;Arval,Immediate,Technology Evolution,Compliance,strategy;innovation
CNT_028,ESG,Governance;Carbon Footprint,Intranet,Dashboard,Presentation,Legal Counsel,Employee Engagement,Legal Counsel,Climate Risk Assessment,Évaluation Risque Climatique,Climate Risk Assessm | Évaluation Risque Cl,4.3,French,,Archived,2021-03-04,2023-05-30,2024-01-07,2026-09-03,"This content covers esg for all employees. It provides key insights, guidelines and best practices to support decision making and communication.",Audit,Managers;Executive Committee,Public,Annual,client;governance;ESG;reporting;innovation,Yes,No,,,,Middle East;APAC,BNP Paribas CIB;Arval;Cetelem,Immediate,Market Evolution,Efficiency Gain,data;digital;client;strategy
CNT_029,Innovation,Blockchain,Mass Mailing;Intranet,Report,Infographic,Regulatory Affairs,IT Operations,Regulatory Affairs,Digital Transformation Bulletin,Bulletin Transformation Digitale,Digital Transformati | Bulletin Transformat,3.1,English,,Under Review,2021-07-13,2025-01-19,2025-04-09,2026-02-28,"This content covers innovation for board. It provides key insights, guidelines and best practices to support decision making and operations.",Client Relationship,Regulators;All Employees;Managers,Confidential,Quarterly,digital;risk,Yes,No,,Annual Results,Chief Risk Officer;Business Line Head,France;Global,BNP Paribas Cardif;Cetelem,Short-term,Market Evolution,Efficiency Gain,innovation;finance
CNT_030,Innovation,Blockchain,Social Media,Training,Infographic,IT Operations,Social Media,Regulatory Affairs,Compliance E-Learning Module,Module E-Learning Conformité,Compliance E-Learnin | Module E-Learning Co,5.0,English,,Published,2021-05-21,2024-11-04,2025-04-21,2025-07-10,"This content covers innovation for clients. It provides key insights, guidelines and best practices to support decision making and strategy.",HR Process;Data Management,Clients;Regulators;Partners,Confidential,Weekly,finance;client,,No,https://sharepoint.bnpparibas.com/sites/030,ESG Summit,Chief Risk Officer,APAC,Hello bank!,Multi-year,Client Request,Compliance,AI;ESG;culture
CNT_031,Digital Transformation,API Strategy;Cybersecurity,Teams,Training,Video,Data Office,Finance,People Analytics,API Management Policy,Politique Gestion des API,API Management Polic | Politique Gestion de,2.3,French,Portuguese,Archived,2020-09-28,2023-09-15,2025-02-08,2025-09-04,"This content covers digital transformation for board. It provides key insights, guidelines and best practices to support decision making and communication.",Client Relationship;Risk Control,Managers,Confidential,Weekly,governance;client,No,No,,Regulatory Deadline,CHRO;Head of Comms,Benelux;Global,BNP Paribas Leasing;Arval;BNP Paribas SA,,Strategic Decision,Compliance,reporting;AI
CNT_032,People & Culture,Leadership,SharePoint,Communication,Email,Employee Engagement,Data Office,Legal Counsel,Diversity Report,Rapport Diversité,Diversity Report | Rapport Diversité,4.0,English,,Archived,2021-02-07,2023-09-03,2024-11-20,2026-11-29,"This content covers people & culture for regulators. It provides key insights, guidelines and best practices to support decision making and strategy.",Training,Executive Committee;Regulators;All Employees,Public,Ad hoc,client;reporting,,Yes,,,COO,LATAM,BNP Paribas Leasing,Medium-term,Strategic Decision,,data;innovation;ESG
CNT_033,People & Culture,Well-being;Training,Corporate Website,Campaign,Email,IT Operations,Reporting,Strategy,Customer Journey Mapping,Cartographie Parcours Client,Customer Journey Map | Cartographie Parcour,4.1,English,English,Active,2020-11-03,2023-09-06,2024-08-22,2026-10-31,"This content covers people & culture for risk officers. It provides key insights, guidelines and best practices to support decision making and compliance.",HR Process,Clients;Risk Officers,Public,Weekly,governance;ESG;sustainability;culture;risk,,No,,Board Meeting,,Africa,BNP Paribas Leasing;Nickel,Immediate,Technology Evolution,Compliance,AI;finance;innovation;strategy
CNT_034,Finance,P&L;Audit,Teams;SharePoint,Report,Dashboard,Regulatory Affairs,Recruitment,People Analytics,Treasury Risk Policy,Politique Risque de Trésorerie,Treasury Risk Policy | Politique Risque de ,4.1,English,,Active,2022-02-03,2023-07-08,2024-01-23,2025-11-11,"This content covers finance for clients. It provides key insights, guidelines and best practices to support decision making and operations.",Strategic Planning;Digital Initiative,Partners,Restricted,Quarterly,ESG;reporting,,Yes,https://confluence.bnpparibas.com/pages/034,ESG Summit,,Benelux;Americas,Nickel,,Audit Finding,Compliance,sustainability;compliance
CNT_035,Finance,Budget,Confluence;Intranet,Communication,Dashboard,Employee Engagement,Employee Engagement,Social Media,Market Risk Framework,Cadre Risque de Marché,Market Risk Framewor | Cadre Risque de Marc,2.0,English,Italian,Active,2021-09-13,2023-12-25,2024-10-23,2026-07-31,"This content covers finance for managers. It provides key insights, guidelines and best practices to support decision making and compliance.",Risk Control;HR Process,All Employees;Executive Committee,Restricted,Ad hoc,strategy;governance;digital;ESG,In Progress,No,https://intranet.bnpparibas.com/content/035,Product Launch,Chief Risk Officer;Head of Comms,Middle East,BNP Paribas CIB;BNP Paribas SA,Immediate,,Revenue Growth,ESG;governance
CNT_036,Digital Transformation,API Strategy,Internal Only,Training,Podcast,Social Media,Henri Dupont,Data Office,Conduct Risk Guidelines,Lignes Directrices Risque de Conduite,Conduct Risk Guideli | Lignes Directrices R,1.2,French,French;Italian,Published,2021-12-04,2023-11-28,2024-12-30,2026-06-14,"This content covers digital transformation for managers. It provides key insights, guidelines and best practices to support decision making and compliance.",Regulatory Reporting;Client Relationship;HR Process,Risk Officers;Executive Committee;Clients,Internal,Quarterly,compliance;client,In Progress,No,https://sharepoint.bnpparibas.com/sites/036,,,Middle East;Americas,BNP Paribas SA,,,Compliance,reporting;innovation
CNT_037,Innovation,Fintech;Blockchain,SharePoint;Mass Mailing,Campaign,Post,Employee Engagement,Henri Dupont,Reporting,Credit Risk Policy Update,Mise à Jour Politique Risque Crédit,Credit Risk Policy U | Mise à Jour Politiqu,5.3,French,,Approved,2020-06-07,2024-02-24,2025-01-08,2026-11-23,"This content covers innovation for board. It provides key insights, guidelines and best practices to support decision making and strategy.",Training,Managers,Confidential,Ad hoc,client;innovation,Yes,Yes,,,,France;APAC,BNP Paribas Cardif,,Strategic Decision,,culture;reporting
CNT_038,Digital Transformation,AI & ML,Intranet;Social Media,Newsletter,Document,Strategy,Finance,Press & Media,FinCrime Prevention Guide,Guide Prévention Criminalité Financière,FinCrime Prevention  | Guide Prévention Cri,5.3,English,German;Portuguese,Draft,2021-03-11,2024-07-01,2024-06-27,2026-09-22,"This content covers digital transformation for partners. It provides key insights, guidelines and best practices to support decision making and communication.",Communication;Audit,Regulators;Partners;All Employees,Confidential,Monthly,culture;client;AI,No,No,https://sharepoint.bnpparibas.com/sites/038,ESG Summit,CEO;Business Line Head,Americas;Benelux,BNP Paribas Leasing;Floa;BNP Paribas SA,Medium-term,Regulatory Change,,risk;finance;client
CNT_039,Digital Transformation,Cybersecurity;Automation,Intranet;Social Media,Communication,FAQ,Strategy,Data Office,IT Operations,Data Mesh Architecture,Architecture Data Mesh,Data Mesh Architectu | Architecture Data Me,5.3,French,,Approved,2022-09-22,2024-09-14,2024-09-23,2026-08-09,"This content covers digital transformation for all employees. It provides key insights, guidelines and best practices to support decision making and compliance.",HR Process;Communication;Audit,Partners,Internal,Ad hoc,strategy;culture;reporting,No,Yes,,Townhall,,Global;Middle East,BNP Paribas Cardif,Immediate,Audit Finding,Better UX,governance;data;strategy
CNT_040,Operations,Supply Chain,Mass Mailing;Social Media,Press Release,Presentation,Social Media,IT Operations,Social Media,ESG Scorecard,Tableau de Bord ESG,ESG Scorecard | Tableau de Bord ESG,1.3,English,English;German,Active,2020-02-19,2023-05-11,2024-08-22,2025-06-05,"This content covers operations for clients. It provides key insights, guidelines and best practices to support decision making and operations.",Regulatory Reporting,Executive Committee;Partners,Public,Ad hoc,compliance;data;innovation;digital;reporting,Yes,Yes,https://confluence.bnpparibas.com/pages/040,,CHRO,Europe,BNP Paribas Cardif;BNP Paribas CIB;Cetelem,Medium-term,,Efficiency Gain,sustainability;client
CNT_041,ESG,Green Finance;Governance,Social Media;Confluence,Press Release,Email,Data Office,Henri Dupont,Reporting,HR Digital Transformation,Transformation RH Digitale,HR Digital Transform | Transformation RH Di,2.0,English,Spanish,Active,2022-07-11,2024-12-23,2025-02-17,2026-10-08,"This content covers esg for executive committee. It provides key insights, guidelines and best practices to support decision making and strategy.",Communication;Digital Initiative;Risk Control,All Employees;Partners,Confidential,One-time,AI;digital;data,,Yes,,Regulatory Deadline,,Americas,Cetelem;Floa,Multi-year,Market Evolution,Cost Reduction,risk;innovation
CNT_042,Client Experience,CRM;Satisfaction,Teams,Campaign,FAQ,Legal Counsel,People Analytics,Legal Counsel,Procurement Policy Renewal,Renouvellement Politique Achats,Procurement Policy R | Renouvellement Polit,2.1,English,English,Under Review,2020-11-23,2023-12-26,2024-08-04,2026-11-20,"This content covers client experience for executive committee. It provides key insights, guidelines and best practices to support decision making and communication.",Regulatory Reporting;Training,Managers,Internal,One-time,culture;digital;finance,In Progress,No,https://intranet.bnpparibas.com/content/042,,CDO;Business Line Head,APAC;Europe,BNP Paribas CIB;Floa,Short-term,Client Request,Cost Reduction,transformation;governance;strategy;sustainability
CNT_043,Innovation,Fintech;Hackathon,Mass Mailing;Intranet,Campaign,Article,Press & Media,Reporting,IT Operations,CRM Migration Guide,Guide Migration CRM,CRM Migration Guide | Guide Migration CRM,2.2,English,German,Active,2020-10-19,2025-01-03,2025-04-28,2026-10-28,"This content covers innovation for executive committee. It provides key insights, guidelines and best practices to support decision making and strategy.",Regulatory Reporting,Partners;Board,Internal,Quarterly,reporting;sustainability;governance,Yes,Yes,https://intranet.bnpparibas.com/content/043,,,Benelux;Africa,Hello bank!,Long-term,Technology Evolution,Risk Mitigation,risk;sustainability;client;transformation
CNT_044,Data & AI,Data Quality;Analytics,Corporate Website;Teams,Press Release,Dashboard,Employee Engagement,Recruitment,Reporting,Operational Excellence Plan,Plan Excellence Opérationnelle,Operational Excellen | Plan Excellence Opér,3.0,French,,Archived,2020-11-13,2025-01-24,2024-02-03,2025-10-12,"This content covers data & ai for all employees. It provides key insights, guidelines and best practices to support decision making and compliance.",Communication;Client Relationship,Risk Officers;Executive Committee;Managers,Restricted,Quarterly,strategy;AI;compliance;data,Yes,No,https://confluence.bnpparibas.com/pages/044,Board Meeting,,Africa,Arval;BNP Paribas Cardif,Short-term,Client Request,Compliance,client;ESG;sustainability
CNT_045,Finance,Treasury;Forecasting,Corporate Website,Campaign,FAQ,Recruitment,Henri Dupont,Recruitment,Brand Guidelines Update,Mise à Jour Charte Marque,Brand Guidelines Upd | Mise à Jour Charte M,2.2,English,Italian;Portuguese,Published,2021-06-06,2023-03-01,2024-07-13,2026-04-05,"This content covers finance for executive committee. It provides key insights, guidelines and best practices to support decision making and compliance.",Strategic Planning,Partners,Confidential,Annual,strategy;compliance;data;governance;culture,In Progress,Yes,https://confluence.bnpparibas.com/pages/045,Regulatory Deadline,Head of Comms;CEO;CHRO,France,Cetelem,Immediate,Regulatory Change,Compliance,innovation;AI;transformation;governance
CNT_046,Operations,Facilities;Continuity,Intranet;Social Media,Communication,Dashboard,Recruitment,IT Operations,Reporting,Social Media Policy,Politique Réseaux Sociaux,Social Media Policy | Politique Réseaux So,1.1,English,German,Approved,2021-11-28,2023-07-11,2025-03-07,2025-09-09,"This content covers operations for regulators. It provides key insights, guidelines and best practices to support decision making and strategy.",Data Management,Risk Officers;Clients;Managers,Internal,Ad hoc,digital;finance;transformation,No,Yes,,,Head of Comms,APAC,Arval,Long-term,Market Evolution,Risk Mitigation,client;culture
CNT_047,Risk Management,Operational Risk,Confluence;Corporate Website,Dashboard,FAQ,Strategy,Social Media,Employee Engagement,Talent Acquisition Strategy,Stratégie Acquisition Talents,Talent Acquisition S | Stratégie Acquisitio,3.3,French,,Published,2022-09-05,2024-05-04,2024-08-17,2025-07-05,"This content covers risk management for regulators. It provides key insights, guidelines and best practices to support decision making and communication.",Audit;Regulatory Reporting,Board;Partners;Managers,Internal,Monthly,compliance;risk;culture,,No,,Townhall,CIO,Benelux;Middle East,BNP Paribas Leasing;Arval,,Technology Evolution,Revenue Growth,AI;ESG;compliance;risk
CNT_048,Digital Transformation,Cybersecurity;API Strategy,Internal Only;Intranet,Report,Document,Recruitment,Henri Dupont,IT Operations,Innovation Lab Report,Rapport Lab Innovation,Innovation Lab Repor | Rapport Lab Innovati,3.1,French,German;Spanish,Draft,2021-06-02,2023-01-12,2024-06-29,2026-03-10,"This content covers digital transformation for regulators. It provides key insights, guidelines and best practices to support decision making and operations.",Training;Regulatory Reporting;Audit,Managers;Clients;Executive Committee,Internal,Monthly,strategy;data;compliance;transformation,,Yes,,Townhall,Head of Comms;CHRO,APAC,Arval;Floa;Cetelem,Short-term,Audit Finding,,finance;transformation;digital
CNT_049,Operations,Supply Chain;Procurement,Social Media;Corporate Website,Newsletter,Document,Reporting,Data Office,IT Operations,Cybersecurity Awareness Campaign,Campagne Sensibilisation Cybersécurité,Cybersecurity Awaren | Campagne Sensibilisa,2.0,English,Portuguese;Italian,Draft,2021-09-19,2023-11-11,2024-01-12,2026-05-19,"This content covers operations for executive committee. It provides key insights, guidelines and best practices to support decision making and operations.",Risk Control,Regulators;Managers;Risk Officers,Public,Weekly,strategy;reporting;innovation;sustainability,Yes,No,,ESG Summit,,APAC;Africa,Floa;Cetelem,Multi-year,Internal Initiative,Efficiency Gain,finance;digital;risk
CNT_050,Digital Transformation,DevOps;Automation,Corporate Website;Mass Mailing,Training,Document,Regulatory Affairs,Henri Dupont,Employee Engagement,Financial Crime Alert,Alerte Criminalité Financière,Financial Crime Aler | Alerte Criminalité F,1.1,French,French;English;German,Under Review,2021-09-09,2023-11-15,2025-01-27,2025-12-08,"This content covers digital transformation for managers. It provides key insights, guidelines and best practices to support decision making and operations.",Digital Initiative,All Employees;Risk Officers;Board,Restricted,One-time,data;sustainability;risk,Yes,Yes,,Townhall,COO;Head of Comms;CFO,Europe,Floa,,Client Request,Revenue Growth,ESG;reporting;sustainability
CNT_051,Client Experience,CRM,Mass Mailing;SharePoint,Press Release,FAQ,Data Office,Strategy,Legal Counsel,Data Governance Comms Plan — Edition 2,Plan de Communication Data Governance — Edition 2,Data Governance Comm | Plan de Communicatio,2.0,French,Italian,Active,2020-06-15,2024-01-17,2025-01-25,2026-09-25,"This content covers client experience for risk officers. It provides key insights, guidelines and best practices to support decision making and strategy.",Training;Client Relationship;Audit,Managers,Restricted,Annual,ESG;reporting;strategy;sustainability;culture,Yes,Yes,https://confluence.bnpparibas.com/pages/051,Product Launch,Business Line Head;Chief Risk Officer,Benelux;APAC,BNP Paribas Leasing,Immediate,Strategic Decision,Risk Mitigation,strategy;culture;data
CNT_052,Operations,Facilities;Continuity,Corporate Website,Newsletter,Post,Social Media,Henri Dupont,People Analytics,2024 ESG Annual Report — Edition 2,Rapport Annuel ESG 2024 — Edition 2,2024 ESG Annual Repo | Rapport Annuel ESG 2,4.3,English,Italian;French,Draft,2021-02-06,2024-12-11,2024-08-09,2025-10-14,"This content covers operations for all employees. It provides key insights, guidelines and best practices to support decision making and communication.",Digital Initiative;Client Relationship;Strategic Planning,Partners;Clients,Confidential,Quarterly,governance;finance;data;reporting;culture,Yes,Yes,https://intranet.bnpparibas.com/content/052,Digital Day,,Middle East,BNP Paribas CIB;Floa,Multi-year,Audit Finding,,data;risk;reporting
CNT_053,Finance,Budget;Audit,Confluence;Intranet,Dashboard,Email,Strategy,Henri Dupont,Employee Engagement,Monthly HR Newsletter — Edition 2,Newsletter Mensuelle RH — Edition 2,Monthly HR Newslette | Newsletter Mensuelle,1.1,French,Portuguese;French,Approved,2021-03-09,2024-08-31,2024-07-11,2025-09-20,"This content covers finance for partners. It provides key insights, guidelines and best practices to support decision making and strategy.",Risk Control,All Employees;Risk Officers,Confidential,Annual,compliance;strategy,No,Yes,,,CFO,Middle East;Africa,BNP Paribas Cardif,Medium-term,Client Request,Compliance,AI;client;transformation;risk
CNT_054,Compliance,GDPR,Intranet;Corporate Website,Press Release,Video,Legal Counsel,Reporting,Finance,GDPR Compliance Guide — Edition 2,Guide de Conformité RGPD — Edition 2,GDPR Compliance Guid | Guide de Conformité ,2.3,English,,Approved,2021-03-05,2023-06-15,2024-12-04,2026-02-03,"This content covers compliance for executive committee. It provides key insights, guidelines and best practices to support decision making and operations.",Audit,Risk Officers;Executive Committee;Regulators,Public,Quarterly,governance;strategy,No,No,,Board Meeting,Chief Risk Officer;Head of Comms;COO,Africa,BNP Paribas Leasing;BNP Paribas Cardif,Medium-term,,,digital;finance
CNT_055,Operations,Supply Chain,Social Media;Internal Only,Dashboard,FAQ,Employee Engagement,Legal Counsel,Press & Media,Operational Risk Dashboard — Edition 2,Dashboard Risques Opérationnels — Edition 2,Operational Risk Das | Dashboard Risques Op,1.0,French,,Approved,2020-04-17,2023-08-17,2024-01-08,2026-09-10,"This content covers operations for executive committee. It provides key insights, guidelines and best practices to support decision making and communication.",Communication;Audit,Risk Officers;Board,Restricted,Monthly,ESG;culture;innovation;compliance;client,,No,,,,Africa;Global,Nickel;Floa,Multi-year,,Better UX,finance;governance;transformation;AI
CNT_056,Digital Transformation,Cloud,Confluence;Intranet,Press Release,Presentation,People Analytics,Employee Engagement,Finance,Data Quality Policy — Edition 2,Politique Data Quality — Edition 2,Data Quality Policy | Politique Data Quali,4.3,English,Italian,Draft,2020-06-21,2023-01-09,2024-01-21,2026-01-14,"This content covers digital transformation for partners. It provides key insights, guidelines and best practices to support decision making and strategy.",Risk Control;Data Management,Executive Committee,Public,Weekly,compliance;ESG;transformation;digital,In Progress,Yes,,Digital Day,,Europe;France,Floa;Hello bank!;BNP Paribas Leasing,Multi-year,Audit Finding,Compliance,digital;risk;data;strategy
CNT_057,Client Experience,CRM;Digital Journey,Confluence,Dashboard,Dashboard,Recruitment,Data Office,Employee Engagement,Q3 Performance Report — Edition 2,Rapport de Performance Q3 — Edition 2,Q3 Performance Repor | Rapport de Performan,4.0,French,French;German,Approved,2022-10-10,2025-03-27,2025-02-20,2026-01-29,"This content covers client experience for partners. It provides key insights, guidelines and best practices to support decision making and compliance.",Regulatory Reporting,Regulators;Managers;All Employees,Public,Ad hoc,finance;ESG;digital,,Yes,,,,Americas,Nickel;BNP Paribas Leasing;Cetelem,Multi-year,Market Evolution,Better UX,client;reporting;ESG;sustainability
CNT_058,Finance,Forecasting,Corporate Website;Confluence,Report,Infographic,Press & Media,Henri Dupont,Recruitment,Responsible AI Charter — Edition 2,Charte IA Responsable — Edition 2,Responsible AI Chart | Charte IA Responsabl,3.3,French,French,Under Review,2021-08-06,2024-05-22,2024-04-23,2026-04-21,"This content covers finance for risk officers. It provides key insights, guidelines and best practices to support decision making and communication.",Audit;Training,Executive Committee;All Employees;Partners,Internal,One-time,innovation;digital;governance;sustainability;risk,In Progress,No,,,CRO,Middle East;Africa,BNP Paribas CIB;Cetelem;BNP Paribas SA,Medium-term,Market Evolution,,strategy;ESG;innovation;digital
CNT_059,Risk Management,Market Risk;Operational Risk,Social Media,Campaign,Video,Finance,Data Office,Reporting,Cybersecurity Training Plan — Edition 2,Plan de Formation Cybersécurité — Edition 2,Cybersecurity Traini | Plan de Formation Cy,2.0,French,Portuguese;Italian,Draft,2022-10-12,2023-08-23,2024-08-15,2026-10-05,"This content covers risk management for all employees. It provides key insights, guidelines and best practices to support decision making and communication.",Communication;HR Process,Risk Officers;Clients,Internal,Monthly,compliance;sustainability;innovation;strategy,In Progress,No,https://intranet.bnpparibas.com/content/059,Board Meeting,,Benelux,Cetelem;BNP Paribas Cardif,Long-term,Regulatory Change,,risk;governance;sustainability;finance
CNT_060,Innovation,Blockchain;Lab Projects,Internal Only;SharePoint,Press Release,Dashboard,Legal Counsel,Legal Counsel,Recruitment,Regulatory Watch Bulletin — Edition 2,Bulletin de Veille Réglementaire — Edition 2,Regulatory Watch Bul | Bulletin de Veille R,1.2,French,,Under Review,2021-06-13,2023-07-31,2024-02-21,2025-06-09,"This content covers innovation for executive committee. It provides key insights, guidelines and best practices to support decision making and strategy.",Communication,All Employees;Clients;Partners,Restricted,Weekly,digital;data,No,No,,Townhall,,Global,Hello bank!;Arval;BNP Paribas Cardif,Immediate,Client Request,Risk Mitigation,innovation;client;AI;risk
CNT_061,Digital Transformation,Cloud,Social Media;SharePoint,Newsletter,Post,Social Media,People Analytics,Legal Counsel,Cloud Strategy 2025 — Edition 2,Stratégie Cloud 2025 — Edition 2,Cloud Strategy 2025 | Stratégie Cloud 2025,2.0,French,,Approved,2022-12-08,2025-01-10,2024-06-13,2026-08-01,"This content covers digital transformation for regulators. It provides key insights, guidelines and best practices to support decision making and operations.",HR Process,Regulators;Board;Managers,Confidential,Ad hoc,ESG;governance;AI;data,Yes,No,https://sharepoint.bnpparibas.com/sites/061,ESG Summit,Chief Risk Officer;Head of Comms,LATAM,BNP Paribas SA;BNP Paribas Leasing,,Regulatory Change,Compliance,compliance;AI;data
CNT_062,Digital Transformation,DevOps;Cloud,Corporate Website;Teams,Press Release,Presentation,Strategy,Finance,Press & Media,Annual Social Balance Sheet — Edition 2,Bilan Social Annuel — Edition 2,Annual Social Balanc | Bilan Social Annuel,5.0,English,,Draft,2022-02-27,2023-02-01,2024-08-07,2026-10-07,"This content covers digital transformation for partners. It provides key insights, guidelines and best practices to support decision making and compliance.",Communication;HR Process,Executive Committee;Board;Regulators,Internal,Weekly,data;sustainability;strategy;finance;risk,No,Yes,https://sharepoint.bnpparibas.com/sites/062,Annual Results,,APAC,Floa,,Client Request,Revenue Growth,compliance;digital;data;ESG
CNT_063,Client Experience,Loyalty,Social Media,Reference Document,Post,Press & Media,Social Media,Regulatory Affairs,Innovation Framing Note — Edition 2,Note de Cadrage Innovation — Edition 2,Innovation Framing N | Note de Cadrage Inno,4.1,French,German,Active,2021-05-29,2023-03-16,2024-06-25,2026-05-24,"This content covers client experience for executive committee. It provides key insights, guidelines and best practices to support decision making and strategy.",Data Management;Client Relationship,All Employees;Clients;Regulators,Restricted,Quarterly,digital;AI;innovation;sustainability;compliance,In Progress,No,,Digital Day,,LATAM;APAC,BNP Paribas CIB,Multi-year,Client Request,Cost Reduction,strategy;ESG;AI
CNT_064,Client Experience,Digital Journey,SharePoint;Internal Only,Campaign,Podcast,People Analytics,Henri Dupont,Finance,Enhanced KYC Procedure — Edition 2,Procédure KYC Renforcée — Edition 2,Enhanced KYC Procedu | Procédure KYC Renfor,4.1,English,German;Portuguese,Under Review,2023-04-04,2023-01-20,2024-04-06,2026-09-01,"This content covers client experience for board. It provides key insights, guidelines and best practices to support decision making and strategy.",Risk Control;Digital Initiative;HR Process,Risk Officers;Regulators,Confidential,One-time,client;culture,No,No,https://intranet.bnpparibas.com/content/064,,CIO;CFO,Americas,Nickel;Hello bank!;Arval,Long-term,Client Request,Compliance,client;culture;governance;sustainability
CNT_065,Compliance,AML;KYC,Confluence,Communication,Article,Employee Engagement,Regulatory Affairs,People Analytics,Internal Audit Report — Edition 2,Rapport Audit Interne — Edition 2,Internal Audit Repor | Rapport Audit Intern,4.2,French,Italian;Spanish,Under Review,2023-05-26,2023-01-19,2024-12-15,2025-06-06,"This content covers compliance for executive committee. It provides key insights, guidelines and best practices to support decision making and operations.",Client Relationship;Strategic Planning,All Employees;Board;Regulators,Public,One-time,reporting;ESG,In Progress,No,,Digital Day,Chief Risk Officer,Benelux,BNP Paribas SA;Nickel;Hello bank!,Immediate,Client Request,Cost Reduction,finance;transformation;AI;sustainability
CNT_066,People & Culture,Onboarding;Performance,Confluence;Mass Mailing,Communication,Dashboard,Recruitment,Press & Media,Employee Engagement,Digital Roadmap — Edition 2,Feuille de Route Digital — Edition 2,Digital Roadmap | Feuille de Route Dig,3.1,English,German;Spanish,Archived,2021-12-18,2023-05-11,2025-04-12,2026-10-28,"This content covers people & culture for all employees. It provides key insights, guidelines and best practices to support decision making and communication.",Risk Control,Managers,Internal,Quarterly,culture;transformation,In Progress,Yes,https://sharepoint.bnpparibas.com/sites/066,,Head of Comms;CDO,Benelux;Africa,Arval,Long-term,,Better UX,AI;innovation;data
CNT_067,Client Experience,Onboarding,Mass Mailing,Press Release,Dashboard,Data Office,Regulatory Affairs,Regulatory Affairs,Annual Results Communication — Edition 2,Communication Résultats Annuels — Edition 2,Annual Results Commu | Communication Résult,1.1,French,Spanish;Italian;French,Approved,2021-10-10,2023-05-21,2024-11-21,2025-08-13,"This content covers client experience for executive committee. It provides key insights, guidelines and best practices to support decision making and operations.",Digital Initiative;Training;Regulatory Reporting,All Employees;Executive Committee;Regulators,Public,Weekly,risk;strategy,In Progress,No,https://intranet.bnpparibas.com/content/067,Regulatory Deadline,CHRO;CDO,Benelux;LATAM,Hello bank!,Medium-term,Internal Initiative,,digital;innovation
CNT_068,Risk Management,Operational Risk,Teams;Confluence,Communication,Video,People Analytics,IT Operations,People Analytics,Manager Onboarding Guide — Edition 2,Guide Onboarding Manager — Edition 2,Manager Onboarding G | Guide Onboarding Man,5.2,French,Italian,Approved,2022-12-01,2023-11-09,2024-03-27,2026-03-15,"This content covers risk management for executive committee. It provides key insights, guidelines and best practices to support decision making and compliance.",Audit,Regulators;Managers;All Employees,Restricted,Quarterly,transformation;strategy;risk;innovation;AI,In Progress,No,,Regulatory Deadline,CHRO;COO,Europe,BNP Paribas Cardif;BNP Paribas Leasing,Long-term,,Better UX,AI;risk;data
CNT_069,Operations,Facilities;Process,Social Media,Report,Dashboard,Recruitment,People Analytics,Employee Engagement,Client Dashboard — Edition 2,Tableau de Bord Clients — Edition 2,Client Dashboard | Tableau de Bord Clie,2.2,English,,Under Review,2021-07-19,2025-03-15,2025-04-29,2026-10-06,"This content covers operations for regulators. It provides key insights, guidelines and best practices to support decision making and compliance.",Client Relationship;Regulatory Reporting,Partners;All Employees,Confidential,One-time,compliance;ESG;client;risk,,No,https://intranet.bnpparibas.com/content/069,Board Meeting,,Europe,BNP Paribas Cardif,,Internal Initiative,Risk Mitigation,ESG;culture
CNT_070,Compliance,MiFID II,Internal Only,Communication,Video,Employee Engagement,Strategy,IT Operations,Business Continuity Plan — Edition 2,Plan de Continuité d'Activité — Edition 2,Business Continuity  | Plan de Continuité d,4.1,French,French,Published,2022-07-06,2023-07-05,2025-04-23,2026-11-17,"This content covers compliance for clients. It provides key insights, guidelines and best practices to support decision making and communication.",Data Management;Audit,Executive Committee;Clients;All Employees,Internal,One-time,data;ESG;strategy,,Yes,https://intranet.bnpparibas.com/content/070,Digital Day,,APAC,BNP Paribas SA;Hello bank!;Nickel,Long-term,Market Evolution,Better UX,strategy;compliance;data;culture
CNT_071,Compliance,MiFID II,SharePoint;Corporate Website,Campaign,Article,People Analytics,Employee Engagement,Data Office,Risk Committee Summary — Edition 2,Synthèse Comité des Risques — Edition 2,Risk Committee Summa | Synthèse Comité des ,1.3,English,German,Active,2022-05-07,2024-04-12,2024-11-18,2025-10-09,"This content covers compliance for clients. It provides key insights, guidelines and best practices to support decision making and compliance.",Digital Initiative;Data Management;Communication,Regulators;Clients,Internal,Annual,reporting;AI,In Progress,Yes,,,COO,Americas,BNP Paribas SA;Nickel;Hello bank!,Multi-year,,Risk Mitigation,strategy;innovation;transformation
CNT_072,Data & AI,ML Ops,Internal Only;Corporate Website,Reference Document,Document,Data Office,Henri Dupont,Legal Counsel,Sustainability Report — Edition 2,Rapport Développement Durable — Edition 2,Sustainability Repor | Rapport Développemen,4.1,French,,Archived,2023-01-21,2023-11-05,2024-06-12,2026-06-11,"This content covers data & ai for board. It provides key insights, guidelines and best practices to support decision making and operations.",Strategic Planning;Communication,Board;Executive Committee;Regulators,Confidential,Quarterly,ESG;innovation,,No,https://sharepoint.bnpparibas.com/sites/072,,Head of Comms;CIO,Benelux,Floa,Immediate,Audit Finding,,transformation;reporting;innovation;data
CNT_073,Risk Management,Operational Risk;Conduct Risk,Mass Mailing;Corporate Website,Report,Article,Strategy,Strategy,Recruitment,Data Governance Manual — Edition 2,Manuel Gouvernance des Données — Edition 2,Data Governance Manu | Manuel Gouvernance d,1.1,French,,Under Review,2020-05-20,2023-10-31,2024-10-25,2026-02-04,"This content covers risk management for executive committee. It provides key insights, guidelines and best practices to support decision making and communication.",Training,Partners,Internal,Annual,sustainability;transformation;client,No,Yes,https://confluence.bnpparibas.com/pages/073,Townhall,Business Line Head,Americas,Floa,Medium-term,,Cost Reduction,risk;reporting
CNT_074,Risk Management,Market Risk,Confluence,Reference Document,Podcast,Regulatory Affairs,People Analytics,Social Media,EXCO Strategy Presentation — Edition 2,Présentation COMEX Stratégie — Edition 2,EXCO Strategy Presen | Présentation COMEX S,5.2,English,Italian;Spanish,Under Review,2022-04-29,2024-07-26,2024-09-07,2026-10-30,"This content covers risk management for clients. It provides key insights, guidelines and best practices to support decision making and strategy.",Audit,Managers;Executive Committee;All Employees,Confidential,Ad hoc,culture;sustainability,No,Yes,,Audit Committee,,Africa,BNP Paribas Cardif,Multi-year,,Revenue Growth,sustainability;data;digital;strategy
CNT_075,Finance,Forecasting;Budget,Social Media,Reference Document,Presentation,Employee Engagement,Data Office,Social Media,Regulatory Reporting Guide — Edition 2,Guide de Reporting Réglementaire — Edition 2,Regulatory Reporting | Guide de Reporting R,5.2,French,,Draft,2022-09-01,2024-09-26,2024-01-12,2025-07-25,"This content covers finance for regulators. It provides key insights, guidelines and best practices to support decision making and communication.",Regulatory Reporting,Risk Officers,Confidential,Quarterly,governance;risk,No,No,,Board Meeting,CEO;Head of Comms,Global;LATAM,Cetelem;BNP Paribas CIB,Multi-year,Client Request,Cost Reduction,finance;sustainability
CNT_076,Operations,Process;Continuity,Internal Only;SharePoint,Communication,Article,Reporting,Data Office,Employee Engagement,GenAI Adoption Playbook — Edition 2,Playbook Adoption GenAI — Edition 2,GenAI Adoption Playb | Playbook Adoption Ge,5.3,English,Portuguese,Published,2020-01-11,2025-01-07,2025-04-27,2025-10-29,"This content covers operations for risk officers. It provides key insights, guidelines and best practices to support decision making and operations.",Strategic Planning;Risk Control,Risk Officers;Clients;Partners,Public,Quarterly,innovation;risk;ESG;data;digital,,Yes,https://confluence.bnpparibas.com/pages/076,ESG Summit,,LATAM,BNP Paribas CIB;BNP Paribas SA;Arval,Short-term,Audit Finding,,compliance;transformation;innovation
CNT_077,Operations,Process,SharePoint,Newsletter,Document,Social Media,Data Office,Finance,Employee Engagement Survey — Edition 2,Enquête Engagement Collaborateurs — Edition 2,Employee Engagement  | Enquête Engagement C,4.1,French,Spanish,Active,2023-01-03,2024-07-01,2024-05-29,2026-12-09,"This content covers operations for clients. It provides key insights, guidelines and best practices to support decision making and compliance.",Training;Regulatory Reporting,Partners;Board;Managers,Public,Weekly,compliance;culture;digital;client,In Progress,Yes,https://intranet.bnpparibas.com/content/077,,CDO;CRO;CIO,Americas;Europe,Nickel;BNP Paribas SA;BNP Paribas Leasing,,Strategic Decision,Cost Reduction,transformation;data;finance
CNT_078,People & Culture,Well-being,Corporate Website;Teams,Newsletter,Dashboard,IT Operations,Reporting,Social Media,Climate Risk Assessment — Edition 2,Évaluation Risque Climatique — Edition 2,Climate Risk Assessm | Évaluation Risque Cl,5.2,French,English,Under Review,2023-02-18,2024-02-29,2024-05-31,2026-11-19,"This content covers people & culture for regulators. It provides key insights, guidelines and best practices to support decision making and strategy.",Regulatory Reporting,Regulators;Partners,Public,One-time,ESG;strategy;culture,Yes,No,,,Chief Risk Officer,Africa,BNP Paribas CIB;Nickel;Floa,Long-term,Audit Finding,Risk Mitigation,transformation;ESG;digital;sustainability
CNT_079,Finance,P&L;Budget,Mass Mailing,Report,Document,Recruitment,Finance,Data Office,Digital Transformation Bulletin — Edition 2,Bulletin Transformation Digitale — Edition 2,Digital Transformati | Bulletin Transformat,5.1,French,,Published,2021-06-25,2025-03-03,2024-02-03,2026-05-01,"This content covers finance for regulators. It provides key insights, guidelines and best practices to support decision making and compliance.",Communication;Strategic Planning,Risk Officers;Regulators;Managers,Internal,Quarterly,risk;compliance,Yes,Yes,,,,France,Floa;Nickel,Short-term,Client Request,Revenue Growth,reporting;transformation;client
CNT_080,Client Experience,Satisfaction;Digital Journey,Corporate Website,Reference Document,Infographic,Legal Counsel,Henri Dupont,Finance,Compliance E-Learning Module — Edition 2,Module E-Learning Conformité — Edition 2,Compliance E-Learnin | Module E-Learning Co,4.1,English,French,Archived,2021-09-23,2023-04-01,2024-04-12,2026-04-11,"This content covers client experience for all employees. It provides key insights, guidelines and best practices to support decision making and strategy.",HR Process;Communication;Risk Control,All Employees;Partners;Managers,Internal,One-time,sustainability;transformation;reporting;innovation;compliance,,Yes,https://intranet.bnpparibas.com/content/080,Product Launch,,APAC,Floa;BNP Paribas SA,Short-term,Regulatory Change,Efficiency Gain,risk;reporting;finance;strategy
CNT_081,Compliance,GDPR;MiFID II,Intranet,Report,Email,Press & Media,Strategy,Press & Media,API Management Policy — Edition 2,Politique Gestion des API — Edition 2,API Management Polic | Politique Gestion de,1.1,English,Spanish;Italian,Approved,2023-05-05,2023-07-17,2024-01-31,2025-07-29,"This content covers compliance for regulators. It provides key insights, guidelines and best practices to support decision making and operations.",Training,Executive Committee;All Employees,Restricted,Quarterly,governance;finance,,No,,Audit Committee,,APAC;LATAM,Nickel;BNP Paribas Leasing;Cetelem,,Audit Finding,Risk Mitigation,digital;innovation
CNT_082,People & Culture,Training;Well-being,Social Media;Mass Mailing,Report,FAQ,Regulatory Affairs,Henri Dupont,Strategy,Diversity Report — Edition 2,Rapport Diversité — Edition 2,Diversity Report | Rapport Diversité,3.1,English,French;Portuguese,Under Review,2022-08-12,2024-06-18,2024-04-02,2025-12-11,"This content covers people & culture for regulators. It provides key insights, guidelines and best practices to support decision making and communication.",Training;Digital Initiative,Managers,Restricted,Quarterly,data;finance,In Progress,No,,,,Middle East,Arval,Multi-year,Internal Initiative,,finance;digital;transformation
CNT_083,Compliance,MiFID II,SharePoint;Social Media,Communication,Video,Press & Media,Social Media,Strategy,Customer Journey Mapping — Edition 2,Cartographie Parcours Client — Edition 2,Customer Journey Map | Cartographie Parcour,5.1,French,,Under Review,2022-01-05,2023-08-29,2024-01-25,2026-03-16,"This content covers compliance for board. It provides key insights, guidelines and best practices to support decision making and operations.",Client Relationship,Partners;Managers;Executive Committee,Restricted,Quarterly,risk;strategy;data;reporting,Yes,No,https://confluence.bnpparibas.com/pages/083,ESG Summit,CHRO,Global,BNP Paribas Cardif,Multi-year,Client Request,Better UX,innovation;AI
CNT_084,Data & AI,Data Quality;ML Ops,Confluence;Social Media,Campaign,Document,Legal Counsel,Henri Dupont,Regulatory Affairs,Treasury Risk Policy — Edition 2,Politique Risque de Trésorerie — Edition 2,Treasury Risk Policy | Politique Risque de ,2.0,English,,Draft,2020-11-06,2024-01-02,2025-03-31,2025-08-26,"This content covers data & ai for managers. It provides key insights, guidelines and best practices to support decision making and operations.",Data Management;Communication;Strategic Planning,Regulators;Partners;Clients,Public,Weekly,client;finance;governance;data;strategy,In Progress,No,https://confluence.bnpparibas.com/pages/084,Audit Committee,,Middle East,BNP Paribas SA,Immediate,Strategic Decision,Compliance,compliance;sustainability
CNT_085,Finance,P&L;Audit,Internal Only;Confluence,Training,Presentation,Finance,Finance,Data Office,Market Risk Framework — Edition 2,Cadre Risque de Marché — Edition 2,Market Risk Framewor | Cadre Risque de Marc,5.0,English,Italian;Portuguese,Active,2021-04-03,2023-09-08,2025-03-14,2026-09-12,"This content covers finance for partners. It provides key insights, guidelines and best practices to support decision making and communication.",Data Management,Managers;Regulators,Internal,One-time,sustainability;ESG,,Yes,,ESG Summit,,Global;Americas,Floa,Long-term,,Revenue Growth,transformation;sustainability;finance;risk
CNT_086,ESG,Carbon Footprint;Social Impact,Confluence;Internal Only,Press Release,Article,Recruitment,IT Operations,Recruitment,Conduct Risk Guidelines — Edition 2,Lignes Directrices Risque de Conduite — Edition 2,Conduct Risk Guideli | Lignes Directrices R,4.1,French,,Archived,2023-05-10,2025-03-17,2024-07-19,2026-09-07,"This content covers esg for risk officers. It provides key insights, guidelines and best practices to support decision making and strategy.",Communication;Digital Initiative,Risk Officers,Internal,Ad hoc,innovation;ESG;digital;strategy;governance,No,Yes,,Product Launch,,Europe,Cetelem;BNP Paribas Cardif,,Client Request,Cost Reduction,governance;compliance;strategy
CNT_087,People & Culture,Performance;Well-being,Internal Only;Mass Mailing,Press Release,FAQ,Social Media,Legal Counsel,Employee Engagement,Credit Risk Policy Update — Edition 2,Mise à Jour Politique Risque Crédit — Edition 2,Credit Risk Policy U | Mise à Jour Politiqu,1.2,English,,Under Review,2021-01-10,2024-10-20,2024-01-07,2026-12-13,"This content covers people & culture for risk officers. It provides key insights, guidelines and best practices to support decision making and communication.",Client Relationship;Risk Control,Regulators;All Employees;Partners,Public,Weekly,data;risk,No,No,,Regulatory Deadline,,Global;Middle East,BNP Paribas SA;Nickel,,Audit Finding,Efficiency Gain,finance;digital
CNT_088,Operations,Facilities,Mass Mailing,Dashboard,Infographic,Regulatory Affairs,IT Operations,Reporting,FinCrime Prevention Guide — Edition 2,Guide Prévention Criminalité Financière — Edition 2,FinCrime Prevention  | Guide Prévention Cri,2.0,French,English;Italian,Active,2021-08-10,2024-08-07,2025-01-02,2025-08-30,"This content covers operations for risk officers. It provides key insights, guidelines and best practices to support decision making and communication.",Training;HR Process;Audit,Board,Internal,Quarterly,governance;client;data,Yes,No,,,,Benelux;Europe,BNP Paribas CIB;BNP Paribas SA,Short-term,Market Evolution,Process Improvement,strategy;digital;compliance;transformation
CNT_089,Innovation,Fintech;Open Banking,Confluence,Reference Document,Article,Reporting,Reporting,Reporting,Data Mesh Architecture — Edition 2,Architecture Data Mesh — Edition 2,Data Mesh Architectu | Architecture Data Me,4.0,French,English,Active,2020-02-16,2024-04-22,2025-04-24,2026-11-17,"This content covers innovation for board. It provides key insights, guidelines and best practices to support decision making and communication.",Audit,Executive Committee;Regulators;All Employees,Confidential,Ad hoc,ESG;compliance;digital;innovation,Yes,Yes,https://intranet.bnpparibas.com/content/089,Townhall,CEO,Europe;Global,Floa;BNP Paribas SA;Arval,Short-term,Regulatory Change,,reporting;compliance;data
CNT_090,People & Culture,Well-being,SharePoint,Press Release,Document,Legal Counsel,Finance,Employee Engagement,ESG Scorecard — Edition 2,Tableau de Bord ESG — Edition 2,ESG Scorecard | Tableau de Bord ESG,4.1,English,English;Portuguese,Approved,2022-11-26,2023-05-06,2024-12-16,2026-09-18,"This content covers people & culture for managers. It provides key insights, guidelines and best practices to support decision making and operations.",Risk Control;Client Relationship,Executive Committee;Regulators,Restricted,Ad hoc,sustainability;innovation;risk;AI;reporting,,No,https://confluence.bnpparibas.com/pages/090,,,Europe;Americas,Arval;BNP Paribas CIB,Medium-term,,Efficiency Gain,innovation;ESG
CNT_091,Finance,Forecasting;Budget,Mass Mailing,Dashboard,Dashboard,Social Media,Social Media,Recruitment,HR Digital Transformation — Edition 2,Transformation RH Digitale — Edition 2,HR Digital Transform | Transformation RH Di,2.0,French,,Published,2020-10-10,2025-01-08,2025-04-30,2026-06-28,"This content covers finance for partners. It provides key insights, guidelines and best practices to support decision making and communication.",Data Management,Executive Committee,Internal,Annual,innovation;risk;compliance;data,,Yes,https://intranet.bnpparibas.com/content/091,Digital Day,CFO;Head of Comms,Europe,Hello bank!;BNP Paribas Cardif;BNP Paribas Leasing,Medium-term,,Compliance,governance;ESG;culture
CNT_092,Data & AI,Data Quality;Analytics,Intranet;SharePoint,Reference Document,FAQ,IT Operations,Finance,Strategy,Procurement Policy Renewal — Edition 2,Renouvellement Politique Achats — Edition 2,Procurement Policy R | Renouvellement Polit,3.1,English,English;German,Archived,2022-08-18,2024-03-16,2024-12-03,2026-06-28,"This content covers data & ai for board. It provides key insights, guidelines and best practices to support decision making and strategy.",Audit,Risk Officers,Restricted,One-time,compliance;governance;ESG,Yes,Yes,https://sharepoint.bnpparibas.com/sites/092,Digital Day,CHRO,France,BNP Paribas Leasing;Cetelem,Multi-year,Strategic Decision,Better UX,strategy;culture;reporting
CNT_093,ESG,Diversity & Inclusion,Confluence;Mass Mailing,Report,Document,Regulatory Affairs,Recruitment,Finance,CRM Migration Guide — Edition 2,Guide Migration CRM — Edition 2,CRM Migration Guide | Guide Migration CRM,1.0,French,Spanish,Active,2022-02-04,2023-09-22,2024-11-17,2026-12-08,"This content covers esg for board. It provides key insights, guidelines and best practices to support decision making and compliance.",Communication;Digital Initiative,Regulators;Board,Confidential,Quarterly,compliance;ESG,,Yes,,,,LATAM,BNP Paribas Leasing;BNP Paribas Cardif,Medium-term,,Cost Reduction,ESG;culture;finance;governance
CNT_094,Data & AI,Data Governance;ML Ops,Internal Only,Dashboard,FAQ,Data Office,People Analytics,Strategy,Operational Excellence Plan — Edition 2,Plan Excellence Opérationnelle — Edition 2,Operational Excellen | Plan Excellence Opér,1.3,French,,Under Review,2020-10-29,2024-06-12,2024-04-04,2025-08-12,"This content covers data & ai for clients. It provides key insights, guidelines and best practices to support decision making and compliance.",HR Process;Audit;Risk Control,Clients;Regulators;All Employees,Internal,One-time,data;client;culture,Yes,Yes,,Annual Results,,Africa,BNP Paribas Leasing;BNP Paribas SA;Arval,,Technology Evolution,Risk Mitigation,transformation;governance
CNT_095,Operations,Procurement,Intranet,Reference Document,Email,Employee Engagement,Finance,Regulatory Affairs,Brand Guidelines Update — Edition 2,Mise à Jour Charte Marque — Edition 2,Brand Guidelines Upd | Mise à Jour Charte M,5.2,English,,Approved,2021-03-22,2024-09-22,2024-03-11,2026-07-12,"This content covers operations for risk officers. It provides key insights, guidelines and best practices to support decision making and strategy.",Client Relationship;Regulatory Reporting;Risk Control,Clients;All Employees,Confidential,Monthly,innovation;risk;transformation,In Progress,No,,,,Europe;Global,Nickel;Floa;BNP Paribas CIB,Immediate,Strategic Decision,Cost Reduction,governance;strategy;sustainability;client
CNT_096,Compliance,MiFID II;KYC,Internal Only,Dashboard,Article,Recruitment,Recruitment,Legal Counsel,Social Media Policy — Edition 2,Politique Réseaux Sociaux — Edition 2,Social Media Policy | Politique Réseaux So,4.2,English,Italian;Spanish,Draft,2023-03-01,2023-08-31,2024-11-25,2026-08-01,"This content covers compliance for executive committee. It provides key insights, guidelines and best practices to support decision making and strategy.",Regulatory Reporting;Client Relationship,Managers;Board;All Employees,Confidential,One-time,compliance;innovation;data,No,Yes,https://intranet.bnpparibas.com/content/096,Audit Committee,CEO,Americas;APAC,Floa;BNP Paribas Leasing;BNP Paribas CIB,,Strategic Decision,Cost Reduction,transformation;strategy;reporting;AI
CNT_097,Client Experience,CRM;Digital Journey,Teams,Campaign,Document,Press & Media,Regulatory Affairs,Recruitment,Talent Acquisition Strategy — Edition 2,Stratégie Acquisition Talents — Edition 2,Talent Acquisition S | Stratégie Acquisitio,5.3,French,,Under Review,2020-11-27,2023-05-08,2025-01-13,2026-09-07,"This content covers client experience for executive committee. It provides key insights, guidelines and best practices to support decision making and compliance.",Strategic Planning;Regulatory Reporting,Partners;Managers,Public,Monthly,data;risk;compliance;digital,In Progress,No,https://sharepoint.bnpparibas.com/sites/097,,,Middle East;France,BNP Paribas CIB;BNP Paribas Cardif;Arval,Immediate,,Revenue Growth,digital;sustainability;compliance
CNT_098,People & Culture,Well-being,Mass Mailing;Confluence,Campaign,Podcast,Reporting,Regulatory Affairs,Finance,Innovation Lab Report — Edition 2,Rapport Lab Innovation — Edition 2,Innovation Lab Repor | Rapport Lab Innovati,5.0,French,English;German;Portuguese,Archived,2022-04-15,2023-02-01,2025-04-10,2026-04-04,"This content covers people & culture for partners. It provides key insights, guidelines and best practices to support decision making and communication.",Data Management,Executive Committee;Managers,Confidential,Ad hoc,digital;sustainability;transformation;governance,No,No,,Annual Results,CRO;COO;Business Line Head,Europe,Cetelem,,Internal Initiative,Better UX,finance;governance;digital;data
CNT_099,ESG,Governance;Carbon Footprint,Intranet,Report,Infographic,Finance,Henri Dupont,People Analytics,Cybersecurity Awareness Campaign — Edition 2,Campagne Sensibilisation Cybersécurité — Edition 2,Cybersecurity Awaren | Campagne Sensibilisa,4.2,English,,Archived,2021-06-11,2023-04-17,2024-04-25,2026-04-15,"This content covers esg for clients. It provides key insights, guidelines and best practices to support decision making and strategy.",Communication,Risk Officers,Restricted,Monthly,ESG;innovation,Yes,Yes,https://intranet.bnpparibas.com/content/099,,Business Line Head;CRO;CFO,Middle East,BNP Paribas SA,Long-term,Strategic Decision,,data;transformation
CNT_100,Data & AI,Data Quality;ML Ops,Social Media,Newsletter,Dashboard,Finance,Strategy,Regulatory Affairs,Financial Crime Alert — Edition 2,Alerte Criminalité Financière — Edition 2,Financial Crime Aler | Alerte Criminalité F,1.3,English,,Published,2023-02-05,2024-10-24,2024-02-25,2026-05-04,"This content covers data & ai for partners. It provides key insights, guidelines and best practices to support decision making and communication.",Communication;Data Management;Risk Control,All Employees;Regulators,Restricted,Monthly,ESG;innovation;client,In Progress,No,,ESG Summit,,Europe;LATAM,Hello bank!;Arval,Short-term,Market Evolution,,digital;transformation
CNT_101,ESG,Diversity & Inclusion;Green Finance,Confluence;Mass Mailing,Dashboard,Infographic,Legal Counsel,Employee Engagement,Reporting,Data Governance Comms Plan — Edition 3,Plan de Communication Data Governance — Edition 3,Data Governance Comm | Plan de Communicatio,4.0,English,,Archived,2021-05-31,2024-09-17,2024-12-31,2026-02-10,"This content covers esg for clients. It provides key insights, guidelines and best practices to support decision making and compliance.",Risk Control;Strategic Planning,Clients,Public,Monthly,digital;finance;innovation;AI,Yes,No,https://confluence.bnpparibas.com/pages/101,Product Launch,,Global,Nickel;Hello bank!,Multi-year,Audit Finding,Compliance,AI;ESG;reporting;finance
CNT_102,Digital Transformation,API Strategy;Cybersecurity,Teams,Dashboard,Video,Finance,Henri Dupont,Strategy,2024 ESG Annual Report — Edition 3,Rapport Annuel ESG 2024 — Edition 3,2024 ESG Annual Repo | Rapport Annuel ESG 2,4.2,French,French;English,Active,2020-07-13,2024-11-20,2024-12-14,2025-11-07,"This content covers digital transformation for board. It provides key insights, guidelines and best practices to support decision making and strategy.",Strategic Planning;Audit;Communication,Managers;Regulators,Restricted,One-time,governance;digital;reporting,In Progress,No,https://confluence.bnpparibas.com/pages/102,Townhall,,France;Europe,Nickel;BNP Paribas CIB;Hello bank!,Multi-year,Technology Evolution,,risk;transformation;culture
CNT_103,Client Experience,Satisfaction;Loyalty,Confluence,Campaign,Presentation,People Analytics,Recruitment,People Analytics,Monthly HR Newsletter — Edition 3,Newsletter Mensuelle RH — Edition 3,Monthly HR Newslette | Newsletter Mensuelle,2.1,English,Spanish;German,Under Review,2022-01-01,2023-09-04,2025-02-27,2026-10-27,"This content covers client experience for all employees. It provides key insights, guidelines and best practices to support decision making and compliance.",Regulatory Reporting;Training,Regulators,Internal,Ad hoc,risk;data;sustainability;culture,No,Yes,https://intranet.bnpparibas.com/content/103,Product Launch,CHRO;CRO,Europe;APAC,BNP Paribas CIB,Medium-term,Strategic Decision,Efficiency Gain,culture;governance
CNT_104,Finance,Budget;P&L,SharePoint,Report,Article,People Analytics,Strategy,Regulatory Affairs,GDPR Compliance Guide — Edition 3,Guide de Conformité RGPD — Edition 3,GDPR Compliance Guid | Guide de Conformité ,1.0,French,Portuguese;German;English,Approved,2022-07-18,2024-05-28,2024-12-20,2026-11-15,"This content covers finance for regulators. It provides key insights, guidelines and best practices to support decision making and strategy.",Digital Initiative;Training;Regulatory Reporting,Regulators;Risk Officers,Public,Weekly,client;digital,,No,https://confluence.bnpparibas.com/pages/104,Board Meeting,,Africa;Benelux,Cetelem;Floa,Immediate,Internal Initiative,Cost Reduction,compliance;ESG
CNT_105,Client Experience,Satisfaction,SharePoint,Dashboard,Post,Regulatory Affairs,Legal Counsel,Legal Counsel,Operational Risk Dashboard — Edition 3,Dashboard Risques Opérationnels — Edition 3,Operational Risk Das | Dashboard Risques Op,1.2,English,French,Draft,2021-11-13,2023-09-12,2024-07-15,2026-01-14,"This content covers client experience for regulators. It provides key insights, guidelines and best practices to support decision making and communication.",Regulatory Reporting;Data Management;Digital Initiative,Board,Internal,Monthly,data;strategy;governance;reporting,No,No,https://intranet.bnpparibas.com/content/105,ESG Summit,CRO;COO,Africa,Cetelem,Multi-year,Technology Evolution,,digital;culture
CNT_106,ESG,Carbon Footprint;Green Finance,Mass Mailing;Intranet,Newsletter,Presentation,Reporting,Data Office,Legal Counsel,Data Quality Policy — Edition 3,Politique Data Quality — Edition 3,Data Quality Policy | Politique Data Quali,2.1,French,Portuguese,Approved,2022-04-28,2023-12-29,2024-02-29,2025-11-06,"This content covers esg for board. It provides key insights, guidelines and best practices to support decision making and communication.",HR Process,Regulators,Restricted,Monthly,culture;digital;reporting;AI,Yes,No,https://sharepoint.bnpparibas.com/sites/106,Product Launch,,Middle East;APAC,Nickel;BNP Paribas Leasing;Arval,Medium-term,Audit Finding,Compliance,risk;compliance
CNT_107,Finance,Audit,Mass Mailing;Confluence,Dashboard,Video,Reporting,Strategy,Legal Counsel,Q3 Performance Report — Edition 3,Rapport de Performance Q3 — Edition 3,Q3 Performance Repor | Rapport de Performan,5.0,French,Portuguese;Spanish,Draft,2020-06-26,2025-01-28,2024-12-23,2025-10-05,"This content covers finance for all employees. It provides key insights, guidelines and best practices to support decision making and strategy.",Regulatory Reporting;Client Relationship,Regulators,Public,Monthly,digital;reporting;culture;innovation,Yes,Yes,https://confluence.bnpparibas.com/pages/107,,CFO,Benelux,Hello bank!;BNP Paribas CIB;BNP Paribas Cardif,Multi-year,Strategic Decision,Compliance,governance;culture;data
CNT_108,People & Culture,Performance;Training,Intranet,Training,Podcast,Regulatory Affairs,Henri Dupont,Employee Engagement,Responsible AI Charter — Edition 3,Charte IA Responsable — Edition 3,Responsible AI Chart | Charte IA Responsabl,1.1,English,,Published,2021-03-17,2024-03-25,2025-01-18,2025-10-20,"This content covers people & culture for clients. It provides key insights, guidelines and best practices to support decision making and operations.",Communication,Clients,Public,Quarterly,risk;sustainability,In Progress,No,https://intranet.bnpparibas.com/content/108,,,Europe;Africa,BNP Paribas Leasing,Immediate,,Cost Reduction,sustainability;AI
CNT_109,Innovation,Lab Projects;Fintech,Social Media;Corporate Website,Training,Video,People Analytics,Strategy,Data Office,Cybersecurity Training Plan — Edition 3,Plan de Formation Cybersécurité — Edition 3,Cybersecurity Traini | Plan de Formation Cy,1.1,French,,Draft,2023-06-18,2023-10-01,2024-02-03,2025-10-27,"This content covers innovation for all employees. It provides key insights, guidelines and best practices to support decision making and communication.",Strategic Planning;Data Management,Regulators,Internal,Monthly,finance;culture,Yes,No,https://sharepoint.bnpparibas.com/sites/109,ESG Summit,,Middle East;LATAM,Hello bank!;Floa,Multi-year,Client Request,Efficiency Gain,strategy;culture
CNT_110,Risk Management,Conduct Risk,SharePoint;Teams,Reference Document,Video,People Analytics,Data Office,Social Media,Regulatory Watch Bulletin — Edition 3,Bulletin de Veille Réglementaire — Edition 3,Regulatory Watch Bul | Bulletin de Veille R,5.1,English,Spanish;English;French,Draft,2022-11-15,2023-05-07,2024-06-22,2026-11-16,"This content covers risk management for executive committee. It provides key insights, guidelines and best practices to support decision making and compliance.",Data Management,Board;All Employees;Partners,Confidential,Quarterly,digital;AI;strategy,Yes,Yes,,ESG Summit,,Americas,Arval,Multi-year,,Process Improvement,sustainability;reporting;AI;data
CNT_111,Operations,Supply Chain,Mass Mailing,Reference Document,Dashboard,Press & Media,Henri Dupont,Social Media,Cloud Strategy 2025 — Edition 3,Stratégie Cloud 2025 — Edition 3,Cloud Strategy 2025 | Stratégie Cloud 2025,3.2,French,,Approved,2022-03-25,2024-03-08,2024-04-20,2026-04-18,"This content covers operations for regulators. It provides key insights, guidelines and best practices to support decision making and compliance.",HR Process,Partners;Executive Committee;Managers,Internal,Monthly,ESG;reporting;culture;transformation,In Progress,Yes,,Product Launch,,Global,Arval,Immediate,Technology Evolution,Process Improvement,culture;finance;risk;compliance
CNT_112,Compliance,MiFID II;Sanctions,SharePoint;Internal Only,Communication,Post,Recruitment,Henri Dupont,Data Office,Annual Social Balance Sheet — Edition 3,Bilan Social Annuel — Edition 3,Annual Social Balanc | Bilan Social Annuel,3.0,English,,Active,2022-11-06,2025-02-24,2025-02-15,2025-10-06,"This content covers compliance for board. It provides key insights, guidelines and best practices to support decision making and compliance.",Digital Initiative;HR Process;Communication,Board;Partners;Regulators,Confidential,One-time,compliance;strategy;finance;risk;governance,Yes,Yes,,Product Launch,,APAC,Cetelem;BNP Paribas SA;BNP Paribas Cardif,Short-term,Audit Finding,,risk;ESG;innovation;sustainability
CNT_113,Client Experience,Digital Journey;Onboarding,Internal Only;Corporate Website,Reference Document,Article,Social Media,Henri Dupont,Strategy,Innovation Framing Note — Edition 3,Note de Cadrage Innovation — Edition 3,Innovation Framing N | Note de Cadrage Inno,2.3,English,,Under Review,2023-05-17,2023-07-25,2024-11-11,2026-03-12,"This content covers client experience for regulators. It provides key insights, guidelines and best practices to support decision making and communication.",Digital Initiative;Risk Control,Executive Committee;Partners;Managers,Confidential,Ad hoc,compliance;reporting,In Progress,Yes,,Audit Committee,,Middle East;APAC,Floa;Arval;BNP Paribas SA,Medium-term,Strategic Decision,Process Improvement,risk;compliance;data
CNT_114,Risk Management,Credit Risk,Intranet;Social Media,Reference Document,Dashboard,Data Office,Data Office,Strategy,Enhanced KYC Procedure — Edition 3,Procédure KYC Renforcée — Edition 3,Enhanced KYC Procedu | Procédure KYC Renfor,1.2,English,English,Active,2021-03-03,2023-04-09,2024-05-21,2025-11-03,"This content covers risk management for regulators. It provides key insights, guidelines and best practices to support decision making and strategy.",Communication,Managers;Board,Public,Weekly,digital;governance;data,In Progress,No,,Board Meeting,Head of Comms,Africa;APAC,Arval;BNP Paribas SA,Medium-term,,Cost Reduction,culture;AI;governance
CNT_115,Innovation,Lab Projects,SharePoint;Corporate Website,Campaign,Video,Strategy,Henri Dupont,People Analytics,Internal Audit Report — Edition 3,Rapport Audit Interne — Edition 3,Internal Audit Repor | Rapport Audit Intern,3.2,French,Italian;German;Spanish,Draft,2021-05-12,2023-06-27,2025-03-25,2025-11-23,"This content covers innovation for executive committee. It provides key insights, guidelines and best practices to support decision making and operations.",Digital Initiative;Client Relationship;Regulatory Reporting,Managers;All Employees;Executive Committee,Confidential,Monthly,sustainability;culture,In Progress,No,https://sharepoint.bnpparibas.com/sites/115,,Chief Risk Officer,LATAM;Global,Nickel;BNP Paribas Cardif,Immediate,Internal Initiative,Risk Mitigation,finance;data
CNT_116,Client Experience,CRM,Intranet,Reference Document,Video,Reporting,Finance,Recruitment,Digital Roadmap — Edition 3,Feuille de Route Digital — Edition 3,Digital Roadmap | Feuille de Route Dig,3.2,English,,Draft,2020-01-10,2023-07-21,2025-01-28,2026-03-27,"This content covers client experience for risk officers. It provides key insights, guidelines and best practices to support decision making and communication.",Risk Control;Digital Initiative,Managers;Clients,Public,One-time,client;strategy,No,Yes,,Board Meeting,CRO,Africa,Cetelem;BNP Paribas Leasing;Hello bank!,Short-term,Audit Finding,Process Improvement,reporting;transformation;culture;strategy
CNT_117,Data & AI,GenAI,Social Media;Intranet,Report,Post,Reporting,Henri Dupont,IT Operations,Annual Results Communication — Edition 3,Communication Résultats Annuels — Edition 3,Annual Results Commu | Communication Résult,3.1,English,,Archived,2023-04-09,2023-08-05,2024-07-16,2026-10-19,"This content covers data & ai for executive committee. It provides key insights, guidelines and best practices to support decision making and compliance.",Strategic Planning;Training;HR Process,Managers;Board,Public,Monthly,data;risk;ESG;finance;client,Yes,No,,Board Meeting,,Africa,Arval;BNP Paribas CIB,Multi-year,,Risk Mitigation,risk;finance;transformation
CNT_118,ESG,Carbon Footprint;Governance,Confluence;Corporate Website,Communication,Email,Data Office,Regulatory Affairs,Finance,Manager Onboarding Guide — Edition 3,Guide Onboarding Manager — Edition 3,Manager Onboarding G | Guide Onboarding Man,4.0,French,English,Archived,2020-08-25,2024-10-18,2024-12-21,2025-12-23,"This content covers esg for managers. It provides key insights, guidelines and best practices to support decision making and communication.",HR Process,Risk Officers;Clients,Confidential,Annual,client;sustainability;ESG,Yes,No,https://sharepoint.bnpparibas.com/sites/118,,Head of Comms;Chief Risk Officer,France,Floa;BNP Paribas Leasing;Hello bank!,,Market Evolution,Revenue Growth,finance;digital
CNT_119,ESG,Social Impact,Internal Only,Campaign,Podcast,Press & Media,IT Operations,Press & Media,Client Dashboard — Edition 3,Tableau de Bord Clients — Edition 3,Client Dashboard | Tableau de Bord Clie,5.0,French,German,Published,2020-03-21,2023-02-14,2024-11-07,2025-08-16,"This content covers esg for risk officers. It provides key insights, guidelines and best practices to support decision making and operations.",Training;Client Relationship;Strategic Planning,Risk Officers,Public,Ad hoc,compliance;transformation;finance;culture;governance,Yes,Yes,,,,Global,BNP Paribas Leasing,,Strategic Decision,Risk Mitigation,compliance;reporting;client;sustainability
CNT_120,People & Culture,Leadership;Well-being,SharePoint;Mass Mailing,Newsletter,Post,Data Office,Henri Dupont,Press & Media,Business Continuity Plan — Edition 3,Plan de Continuité d'Activité — Edition 3,Business Continuity  | Plan de Continuité d,2.2,French,,Active,2021-08-14,2023-10-25,2024-02-02,2026-03-28,"This content covers people & culture for clients. It provides key insights, guidelines and best practices to support decision making and operations.",Digital Initiative;Training;Communication,Board;Risk Officers,Internal,Annual,strategy;ESG;compliance;finance;governance,,No,https://intranet.bnpparibas.com/content/120,Annual Results,,Middle East;Europe,Cetelem;BNP Paribas Cardif;Nickel,Long-term,Internal Initiative,Risk Mitigation,sustainability;governance
CNT_121,Client Experience,Satisfaction,SharePoint;Internal Only,Press Release,Podcast,Employee Engagement,Regulatory Affairs,Data Office,Risk Committee Summary — Edition 3,Synthèse Comité des Risques — Edition 3,Risk Committee Summa | Synthèse Comité des ,2.1,English,French,Under Review,2023-02-27,2023-06-09,2024-04-29,2025-06-03,"This content covers client experience for managers. It provides key insights, guidelines and best practices to support decision making and strategy.",Client Relationship,Regulators;All Employees;Board,Confidential,Weekly,reporting;transformation;finance;risk;ESG,In Progress,No,https://sharepoint.bnpparibas.com/sites/121,Audit Committee,,Africa;APAC,Floa,,Audit Finding,Compliance,finance;ESG;innovation
CNT_122,People & Culture,Performance;Leadership,SharePoint;Social Media,Report,Infographic,Recruitment,Data Office,Press & Media,Sustainability Report — Edition 3,Rapport Développement Durable — Edition 3,Sustainability Repor | Rapport Développemen,1.0,English,English,Under Review,2020-12-01,2023-06-09,2025-01-24,2026-05-24,"This content covers people & culture for managers. It provides key insights, guidelines and best practices to support decision making and communication.",Data Management;Communication;Strategic Planning,Regulators,Internal,Weekly,strategy;client;reporting;ESG,No,Yes,,Regulatory Deadline,,LATAM;Americas,BNP Paribas SA,,,,culture;finance
CNT_123,Client Experience,Onboarding,Internal Only,Dashboard,Dashboard,Finance,Reporting,Recruitment,Data Governance Manual — Edition 3,Manuel Gouvernance des Données — Edition 3,Data Governance Manu | Manuel Gouvernance d,4.2,French,English,Approved,2023-02-24,2023-09-21,2024-09-13,2026-08-02,"This content covers client experience for regulators. It provides key insights, guidelines and best practices to support decision making and operations.",Regulatory Reporting,Risk Officers,Restricted,One-time,compliance;AI;finance,In Progress,Yes,,Regulatory Deadline,,Americas;Benelux,Nickel;Floa,Medium-term,Technology Evolution,Cost Reduction,client;strategy;compliance;culture
CNT_124,Risk Management,Conduct Risk;Operational Risk,SharePoint,Report,Podcast,Employee Engagement,Recruitment,Finance,EXCO Strategy Presentation — Edition 3,Présentation COMEX Stratégie — Edition 3,EXCO Strategy Presen | Présentation COMEX S,1.2,English,Portuguese;Italian,Archived,2020-11-20,2024-09-01,2025-01-11,2025-07-02,"This content covers risk management for clients. It provides key insights, guidelines and best practices to support decision making and operations.",Data Management,Executive Committee;Partners;All Employees,Confidential,One-time,AI;transformation;compliance,No,No,,ESG Summit,,Africa,BNP Paribas SA;BNP Paribas Leasing,,,Efficiency Gain,ESG;finance;data;innovation
CNT_125,Operations,Facilities;Supply Chain,Corporate Website;Internal Only,Reference Document,Email,Regulatory Affairs,Press & Media,Regulatory Affairs,Regulatory Reporting Guide — Edition 3,Guide de Reporting Réglementaire — Edition 3,Regulatory Reporting | Guide de Reporting R,1.1,English,French,Active,2020-01-02,2025-03-21,2024-10-09,2026-05-09,"This content covers operations for regulators. It provides key insights, guidelines and best practices to support decision making and compliance.",Regulatory Reporting,Clients;Regulators,Public,One-time,culture;risk;finance;digital;strategy,,Yes,,Digital Day,,Americas,BNP Paribas SA;Nickel,,,Risk Mitigation,risk;data;culture
CNT_126,Compliance,MiFID II;Sanctions,Internal Only;Intranet,Newsletter,Email,Finance,Henri Dupont,Regulatory Affairs,GenAI Adoption Playbook — Edition 3,Playbook Adoption GenAI — Edition 3,GenAI Adoption Playb | Playbook Adoption Ge,5.3,English,,Approved,2020-08-01,2025-02-21,2024-10-24,2025-08-03,"This content covers compliance for regulators. It provides key insights, guidelines and best practices to support decision making and compliance.",Communication;Risk Control,Clients,Restricted,Monthly,innovation;transformation;AI;compliance,No,Yes,https://confluence.bnpparibas.com/pages/126,Regulatory Deadline,,Europe;Middle East,BNP Paribas Leasing,Immediate,,,AI;strategy
CNT_127,People & Culture,Performance;Training,Teams,Dashboard,Dashboard,Strategy,Strategy,Regulatory Affairs,Employee Engagement Survey — Edition 3,Enquête Engagement Collaborateurs — Edition 3,Employee Engagement  | Enquête Engagement C,5.3,French,Italian,Under Review,2022-06-11,2024-03-14,2024-03-26,2026-08-29,"This content covers people & culture for board. It provides key insights, guidelines and best practices to support decision making and compliance.",Client Relationship;Strategic Planning;Digital Initiative,Risk Officers;Board;All Employees,Public,One-time,sustainability;culture;governance;data,Yes,Yes,https://confluence.bnpparibas.com/pages/127,ESG Summit,,Africa,Floa,,Strategic Decision,Efficiency Gain,culture;innovation;reporting;finance
CNT_128,Operations,Continuity,Mass Mailing;Confluence,Newsletter,Email,IT Operations,Finance,Data Office,Climate Risk Assessment — Edition 3,Évaluation Risque Climatique — Edition 3,Climate Risk Assessm | Évaluation Risque Cl,1.0,French,Spanish;Italian;French,Published,2022-07-30,2023-09-27,2024-10-17,2026-10-28,"This content covers operations for all employees. It provides key insights, guidelines and best practices to support decision making and communication.",Audit;Risk Control,All Employees;Partners;Board,Restricted,Quarterly,strategy;finance;compliance;governance;data,,No,,,,Global,BNP Paribas Cardif;BNP Paribas SA;BNP Paribas Leasing,Short-term,Market Evolution,,risk;governance;culture
CNT_129,Compliance,KYC;Sanctions,Confluence;Mass Mailing,Dashboard,Infographic,Legal Counsel,Social Media,Recruitment,Digital Transformation Bulletin — Edition 3,Bulletin Transformation Digitale — Edition 3,Digital Transformati | Bulletin Transformat,5.1,French,Spanish;Portuguese,Under Review,2021-07-22,2023-07-15,2025-04-05,2026-11-10,"This content covers compliance for board. It provides key insights, guidelines and best practices to support decision making and compliance.",Strategic Planning,Clients,Internal,Annual,compliance;reporting,No,Yes,https://intranet.bnpparibas.com/content/129,Audit Committee,,LATAM;France,Hello bank!;BNP Paribas CIB;Floa,Immediate,Technology Evolution,Risk Mitigation,digital;finance;risk;culture
CNT_130,Innovation,Fintech,SharePoint,Training,Infographic,Finance,Reporting,Legal Counsel,Compliance E-Learning Module — Edition 3,Module E-Learning Conformité — Edition 3,Compliance E-Learnin | Module E-Learning Co,2.0,French,,Published,2020-07-06,2023-10-05,2024-08-27,2026-11-05,"This content covers innovation for all employees. It provides key insights, guidelines and best practices to support decision making and compliance.",Digital Initiative;Risk Control,Regulators;Risk Officers;Board,Public,One-time,ESG;finance,No,Yes,,Regulatory Deadline,Business Line Head,Benelux,BNP Paribas CIB;BNP Paribas Leasing,Immediate,Audit Finding,Better UX,compliance;transformation
CNT_131,Operations,Procurement,Confluence,Campaign,Infographic,Reporting,Employee Engagement,People Analytics,API Management Policy — Edition 3,Politique Gestion des API — Edition 3,API Management Polic | Politique Gestion de,2.3,English,,Published,2020-06-03,2024-06-22,2025-03-24,2025-08-15,"This content covers operations for clients. It provides key insights, guidelines and best practices to support decision making and strategy.",Digital Initiative;Client Relationship,Partners;Executive Committee,Confidential,One-time,transformation;ESG;data;risk,In Progress,Yes,,Regulatory Deadline,COO;Chief Risk Officer;CRO,Africa,BNP Paribas CIB;BNP Paribas Cardif,Short-term,Internal Initiative,Efficiency Gain,risk;data;AI;transformation
CNT_132,ESG,Carbon Footprint;Diversity & Inclusion,Teams,Reference Document,Infographic,Recruitment,Data Office,IT Operations,Diversity Report — Edition 3,Rapport Diversité — Edition 3,Diversity Report | Rapport Diversité,3.2,French,English,Draft,2020-07-31,2023-01-06,2024-08-31,2026-12-15,"This content covers esg for board. It provides key insights, guidelines and best practices to support decision making and operations.",Regulatory Reporting;Data Management;Communication,All Employees;Executive Committee,Internal,Monthly,reporting;finance;digital,Yes,No,,Audit Committee,,Europe;Americas,Floa;Arval,Long-term,Strategic Decision,,compliance;transformation;sustainability
CNT_133,Finance,Forecasting,Corporate Website;Teams,Reference Document,Video,Recruitment,Reporting,Reporting,Customer Journey Mapping — Edition 3,Cartographie Parcours Client — Edition 3,Customer Journey Map | Cartographie Parcour,3.2,French,,Published,2022-09-16,2023-07-12,2025-02-25,2026-09-07,"This content covers finance for executive committee. It provides key insights, guidelines and best practices to support decision making and communication.",Digital Initiative;Risk Control,All Employees,Public,Annual,client;innovation,,Yes,,ESG Summit,COO,France;LATAM,Cetelem,Immediate,Client Request,Efficiency Gain,AI;risk;innovation;ESG
CNT_134,Compliance,KYC,Confluence,Campaign,Article,Recruitment,Employee Engagement,Legal Counsel,Treasury Risk Policy — Edition 3,Politique Risque de Trésorerie — Edition 3,Treasury Risk Policy | Politique Risque de ,1.2,French,Italian;French,Under Review,2022-12-12,2024-05-28,2024-03-20,2025-11-24,"This content covers compliance for all employees. It provides key insights, guidelines and best practices to support decision making and compliance.",Risk Control,Clients,Internal,One-time,data;risk,In Progress,Yes,,,,France;Africa,Nickel;BNP Paribas CIB;Hello bank!,Medium-term,Technology Evolution,Risk Mitigation,transformation;risk;sustainability
CNT_135,Data & AI,Data Quality,Mass Mailing;Internal Only,Training,FAQ,Data Office,Data Office,Regulatory Affairs,Market Risk Framework — Edition 3,Cadre Risque de Marché — Edition 3,Market Risk Framewor | Cadre Risque de Marc,1.1,French,,Archived,2023-04-05,2024-07-24,2024-05-01,2025-12-16,"This content covers data & ai for executive committee. It provides key insights, guidelines and best practices to support decision making and operations.",HR Process,Managers;Regulators;Partners,Internal,One-time,sustainability;ESG;governance,Yes,No,https://intranet.bnpparibas.com/content/135,Product Launch,,France,Arval,Multi-year,Market Evolution,,digital;compliance;reporting
CNT_136,Finance,P&L,Social Media,Communication,Infographic,Social Media,Henri Dupont,Legal Counsel,Conduct Risk Guidelines — Edition 3,Lignes Directrices Risque de Conduite — Edition 3,Conduct Risk Guideli | Lignes Directrices R,3.0,French,French,Archived,2021-08-15,2023-07-21,2024-07-29,2025-12-30,"This content covers finance for executive committee. It provides key insights, guidelines and best practices to support decision making and strategy.",Training,Executive Committee;Partners;Regulators,Internal,Weekly,culture;client;governance;transformation;compliance,In Progress,No,,,Head of Comms;CRO,LATAM;Africa,Hello bank!;Nickel,Long-term,Strategic Decision,Compliance,culture;client;transformation
CNT_137,Data & AI,Data Quality,Social Media,Press Release,Email,Press & Media,Henri Dupont,Finance,Credit Risk Policy Update — Edition 3,Mise à Jour Politique Risque Crédit — Edition 3,Credit Risk Policy U | Mise à Jour Politiqu,5.3,English,Italian;French;English,Published,2023-02-24,2024-05-18,2024-04-27,2026-09-28,"This content covers data & ai for managers. It provides key insights, guidelines and best practices to support decision making and communication.",Audit,Executive Committee;Partners;Regulators,Internal,Ad hoc,reporting;innovation;transformation,No,Yes,https://sharepoint.bnpparibas.com/sites/137,Board Meeting,,Europe,BNP Paribas Cardif;Hello bank!,Immediate,Technology Evolution,Efficiency Gain,risk;strategy;data
CNT_138,Compliance,MiFID II;Sanctions,Corporate Website,Newsletter,Email,Press & Media,Employee Engagement,Data Office,FinCrime Prevention Guide — Edition 3,Guide Prévention Criminalité Financière — Edition 3,FinCrime Prevention  | Guide Prévention Cri,3.0,French,Spanish;German,Published,2020-11-17,2025-01-15,2024-03-15,2026-01-03,"This content covers compliance for managers. It provides key insights, guidelines and best practices to support decision making and operations.",Communication;HR Process;Client Relationship,Regulators;Risk Officers,Confidential,One-time,finance;governance;strategy;AI,Yes,No,https://intranet.bnpparibas.com/content/138,,CEO;CDO,Africa;APAC,Nickel;Arval,Multi-year,Market Evolution,Process Improvement,client;risk
CNT_139,People & Culture,Leadership;Performance,Confluence,Training,Article,Press & Media,People Analytics,Finance,Data Mesh Architecture — Edition 3,Architecture Data Mesh — Edition 3,Data Mesh Architectu | Architecture Data Me,2.2,French,,Approved,2021-12-10,2024-09-11,2025-01-24,2026-03-26,"This content covers people & culture for executive committee. It provides key insights, guidelines and best practices to support decision making and operations.",Strategic Planning,Managers,Confidential,One-time,strategy;reporting,In Progress,Yes,,Board Meeting,Business Line Head,APAC;Benelux,BNP Paribas SA,Medium-term,Market Evolution,Process Improvement,governance;data;client;strategy
CNT_140,Compliance,KYC;Sanctions,Confluence;Mass Mailing,Communication,Infographic,Press & Media,IT Operations,Reporting,ESG Scorecard — Edition 3,Tableau de Bord ESG — Edition 3,ESG Scorecard | Tableau de Bord ESG,3.0,French,French;Italian,Approved,2023-01-25,2024-01-14,2024-10-28,2026-10-09,"This content covers compliance for regulators. It provides key insights, guidelines and best practices to support decision making and compliance.",Digital Initiative,Risk Officers,Restricted,One-time,AI;transformation;strategy,,No,https://intranet.bnpparibas.com/content/140,,CHRO;Head of Comms,Americas;France,BNP Paribas Leasing;BNP Paribas Cardif,Medium-term,Market Evolution,,innovation;data
CNT_141,Innovation,Lab Projects;Open Banking,Confluence;Corporate Website,Campaign,Dashboard,Finance,Henri Dupont,Press & Media,HR Digital Transformation — Edition 3,Transformation RH Digitale — Edition 3,HR Digital Transform | Transformation RH Di,4.2,English,Italian,Published,2020-01-05,2024-09-16,2024-01-14,2026-08-27,"This content covers innovation for regulators. It provides key insights, guidelines and best practices to support decision making and communication.",HR Process;Data Management;Digital Initiative,Partners,Restricted,One-time,reporting;governance;culture;risk,No,No,,Annual Results,,Americas;Middle East,Floa,Multi-year,Strategic Decision,Compliance,reporting;ESG;digital
CNT_142,ESG,Governance,SharePoint;Corporate Website,Training,Post,Strategy,Data Office,Finance,Procurement Policy Renewal — Edition 3,Renouvellement Politique Achats — Edition 3,Procurement Policy R | Renouvellement Polit,5.3,English,German,Published,2022-09-03,2023-07-25,2024-01-15,2026-03-10,"This content covers esg for partners. It provides key insights, guidelines and best practices to support decision making and compliance.",Communication;Strategic Planning,Board;All Employees,Public,Ad hoc,transformation;culture;data;compliance,No,No,https://sharepoint.bnpparibas.com/sites/142,Digital Day,CEO;CFO,Africa,Cetelem;Floa;BNP Paribas Cardif,Medium-term,Audit Finding,Efficiency Gain,strategy;AI;transformation
CNT_143,Innovation,Fintech,Corporate Website,Reference Document,Presentation,Recruitment,Henri Dupont,Social Media,CRM Migration Guide — Edition 3,Guide Migration CRM — Edition 3,CRM Migration Guide | Guide Migration CRM,1.3,English,,Draft,2022-03-29,2023-01-24,2024-04-09,2025-08-21,"This content covers innovation for board. It provides key insights, guidelines and best practices to support decision making and operations.",Training,All Employees;Risk Officers,Confidential,Weekly,culture;transformation,,No,,,COO;CHRO;Business Line Head,Europe,Nickel;Hello bank!;BNP Paribas CIB,Short-term,Market Evolution,Efficiency Gain,reporting;AI;finance
CNT_144,Operations,Process;Procurement,Corporate Website;Internal Only,Communication,Document,Regulatory Affairs,Strategy,Legal Counsel,Operational Excellence Plan — Edition 3,Plan Excellence Opérationnelle — Edition 3,Operational Excellen | Plan Excellence Opér,1.0,English,Portuguese;French,Archived,2021-04-23,2023-08-30,2024-06-19,2026-02-01,"This content covers operations for executive committee. It provides key insights, guidelines and best practices to support decision making and compliance.",Communication;Audit,Risk Officers;Partners;Board,Public,Ad hoc,ESG;digital;AI;strategy;sustainability,,No,https://intranet.bnpparibas.com/content/144,Board Meeting,Business Line Head,Benelux,Hello bank!;Arval,,Strategic Decision,Compliance,governance;risk
CNT_145,Data & AI,Data Governance,Corporate Website;SharePoint,Campaign,Email,Recruitment,Finance,Social Media,Brand Guidelines Update — Edition 3,Mise à Jour Charte Marque — Edition 3,Brand Guidelines Upd | Mise à Jour Charte M,3.3,English,English;Spanish,Archived,2020-01-30,2024-05-27,2024-04-23,2026-02-26,"This content covers data & ai for all employees. It provides key insights, guidelines and best practices to support decision making and communication.",Training;Client Relationship;Audit,Regulators,Restricted,Ad hoc,transformation;AI;data;client;risk,,No,https://confluence.bnpparibas.com/pages/145,Annual Results,CIO;CEO,Benelux,BNP Paribas SA;Hello bank!,Short-term,Market Evolution,Efficiency Gain,AI;innovation;ESG
CNT_146,Data & AI,ML Ops,Mass Mailing,Communication,Video,IT Operations,Finance,Reporting,Social Media Policy — Edition 3,Politique Réseaux Sociaux — Edition 3,Social Media Policy | Politique Réseaux So,5.1,English,,Approved,2022-08-06,2023-09-28,2024-07-13,2025-10-22,"This content covers data & ai for managers. It provides key insights, guidelines and best practices to support decision making and operations.",Data Management,All Employees;Partners;Board,Restricted,Monthly,governance;finance;risk;client;transformation,Yes,No,,Townhall,Chief Risk Officer,Middle East,BNP Paribas Leasing,Short-term,,Efficiency Gain,reporting;data
CNT_147,Operations,Procurement;Process,Confluence;Teams,Campaign,Dashboard,Strategy,Employee Engagement,Reporting,Talent Acquisition Strategy — Edition 3,Stratégie Acquisition Talents — Edition 3,Talent Acquisition S | Stratégie Acquisitio,3.1,English,French;Spanish,Published,2021-12-15,2024-11-12,2024-07-28,2026-03-05,"This content covers operations for board. It provides key insights, guidelines and best practices to support decision making and strategy.",Data Management;Digital Initiative,Regulators,Restricted,Monthly,culture;finance;governance,Yes,No,,Product Launch,CFO,Europe,BNP Paribas Cardif,Long-term,Market Evolution,Cost Reduction,sustainability;compliance;ESG
CNT_148,Client Experience,CRM,Intranet,Reference Document,Article,Regulatory Affairs,Finance,Employee Engagement,Innovation Lab Report — Edition 3,Rapport Lab Innovation — Edition 3,Innovation Lab Repor | Rapport Lab Innovati,4.3,French,,Under Review,2021-09-06,2023-08-09,2024-10-10,2025-11-12,"This content covers client experience for regulators. It provides key insights, guidelines and best practices to support decision making and communication.",Regulatory Reporting,Risk Officers;Board;All Employees,Public,Annual,finance;compliance,Yes,Yes,,Audit Committee,,Americas,Floa;BNP Paribas Leasing;BNP Paribas SA,Long-term,Strategic Decision,Compliance,data;innovation;risk
CNT_149,Digital Transformation,AI & ML,SharePoint;Teams,Communication,Infographic,People Analytics,Henri Dupont,Press & Media,Cybersecurity Awareness Campaign — Edition 3,Campagne Sensibilisation Cybersécurité — Edition 3,Cybersecurity Awaren | Campagne Sensibilisa,4.0,French,French;Italian,Draft,2021-12-21,2023-07-17,2024-09-26,2025-09-20,"This content covers digital transformation for all employees. It provides key insights, guidelines and best practices to support decision making and strategy.",Digital Initiative;Risk Control;Client Relationship,Risk Officers,Internal,Ad hoc,strategy;innovation;data;finance,No,No,,Annual Results,,LATAM;Europe,BNP Paribas CIB;Nickel;BNP Paribas Leasing,,Technology Evolution,Efficiency Gain,sustainability;innovation;transformation;governance
CNT_150,Risk Management,Credit Risk,Mass Mailing;Intranet,Newsletter,Video,Reporting,Strategy,Social Media,Financial Crime Alert — Edition 3,Alerte Criminalité Financière — Edition 3,Financial Crime Aler | Alerte Criminalité F,1.3,French,,Under Review,2023-01-27,2025-01-28,2024-12-21,2026-09-13,"This content covers risk management for clients. It provides key insights, guidelines and best practices to support decision making and strategy.",Client Relationship;Training,All Employees,Confidential,Weekly,finance;innovation;risk;ESG;reporting,Yes,Yes,,Townhall,,Middle East;Benelux,Hello bank!,Multi-year,Strategic Decision,,data;strategy;governance
CNT_151,Innovation,Lab Projects;Fintech,Confluence;Teams,Reference Document,FAQ,Data Office,Henri Dupont,Regulatory Affairs,Data Governance Comms Plan — Edition 4,Plan de Communication Data Governance — Edition 4,Data Governance Comm | Plan de Communicatio,4.1,French,German,Active,2022-08-08,2024-06-18,2024-08-23,2026-01-21,"This content covers innovation for managers. It provides key insights, guidelines and best practices to support decision making and strategy.",Communication;HR Process;Regulatory Reporting,Clients;All Employees,Internal,Ad hoc,risk;innovation;strategy;compliance,,Yes,https://intranet.bnpparibas.com/content/151,Regulatory Deadline,CRO;COO,Europe,Floa;BNP Paribas CIB;Hello bank!,,Strategic Decision,Compliance,sustainability;finance
CNT_152,Operations,Procurement;Process,Intranet,Dashboard,FAQ,Reporting,Social Media,Data Office,2024 ESG Annual Report — Edition 4,Rapport Annuel ESG 2024 — Edition 4,2024 ESG Annual Repo | Rapport Annuel ESG 2,1.3,English,,Archived,2022-07-12,2024-10-11,2025-04-24,2025-10-08,"This content covers operations for risk officers. It provides key insights, guidelines and best practices to support decision making and communication.",Training;Digital Initiative,All Employees;Regulators;Executive Committee,Restricted,Weekly,compliance;digital;risk;client,In Progress,No,https://confluence.bnpparibas.com/pages/152,Audit Committee,,Americas,Nickel;Arval,Multi-year,Audit Finding,,AI;sustainability;finance;ESG
CNT_153,Operations,Facilities;Procurement,SharePoint,Campaign,Podcast,Social Media,Recruitment,Employee Engagement,Monthly HR Newsletter — Edition 4,Newsletter Mensuelle RH — Edition 4,Monthly HR Newslette | Newsletter Mensuelle,4.2,English,French,Active,2021-03-30,2024-03-11,2024-03-21,2025-09-08,"This content covers operations for risk officers. It provides key insights, guidelines and best practices to support decision making and operations.",Audit;Strategic Planning;Communication,Clients;Board,Internal,Monthly,innovation;digital;compliance,No,No,,,,Global;France,BNP Paribas SA;Hello bank!;BNP Paribas Cardif,,,,governance;AI
CNT_154,Client Experience,CRM;Onboarding,Mass Mailing,Communication,FAQ,Recruitment,Regulatory Affairs,Social Media,GDPR Compliance Guide — Edition 4,Guide de Conformité RGPD — Edition 4,GDPR Compliance Guid | Guide de Conformité ,5.3,English,,Under Review,2020-11-02,2024-08-18,2024-04-08,2025-11-26,"This content covers client experience for clients. It provides key insights, guidelines and best practices to support decision making and communication.",Communication;Data Management;Training,Clients;Managers;Partners,Public,Annual,ESG;strategy;governance;reporting;culture,In Progress,No,https://intranet.bnpparibas.com/content/154,Annual Results,,Middle East,BNP Paribas SA;Cetelem,Multi-year,,Compliance,client;digital
CNT_155,Innovation,Fintech,Internal Only;Mass Mailing,Dashboard,Infographic,Press & Media,Data Office,Finance,Operational Risk Dashboard — Edition 4,Dashboard Risques Opérationnels — Edition 4,Operational Risk Das | Dashboard Risques Op,4.3,French,English,Under Review,2020-09-16,2023-11-07,2024-06-05,2026-09-19,"This content covers innovation for clients. It provides key insights, guidelines and best practices to support decision making and operations.",Client Relationship;Communication,Executive Committee;Partners,Internal,Monthly,culture;transformation;ESG,In Progress,Yes,,Audit Committee,CFO;CHRO,Europe,BNP Paribas CIB;BNP Paribas Leasing,Short-term,Market Evolution,Process Improvement,sustainability;ESG
CNT_156,Client Experience,CRM,Teams,Training,Email,People Analytics,Employee Engagement,Reporting,Data Quality Policy — Edition 4,Politique Data Quality — Edition 4,Data Quality Policy | Politique Data Quali,2.3,English,English;Portuguese;German,Under Review,2020-02-03,2023-11-14,2024-08-06,2025-08-23,"This content covers client experience for clients. It provides key insights, guidelines and best practices to support decision making and communication.",Audit;Data Management,Risk Officers,Restricted,Ad hoc,finance;strategy;sustainability;risk,In Progress,Yes,https://confluence.bnpparibas.com/pages/156,Townhall,,Middle East,Nickel;BNP Paribas Leasing;BNP Paribas Cardif,Long-term,Regulatory Change,Compliance,client;compliance
CNT_157,ESG,Green Finance,Teams,Report,Document,Recruitment,Regulatory Affairs,Data Office,Q3 Performance Report — Edition 4,Rapport de Performance Q3 — Edition 4,Q3 Performance Repor | Rapport de Performan,5.2,French,Italian;Spanish,Draft,2020-07-01,2024-05-06,2025-02-26,2026-06-17,"This content covers esg for all employees. It provides key insights, guidelines and best practices to support decision making and communication.",Digital Initiative;Communication;Data Management,Risk Officers;Executive Committee,Public,Annual,compliance;finance;client,Yes,Yes,,,,Europe,BNP Paribas Cardif;Cetelem;Hello bank!,,Strategic Decision,Process Improvement,ESG;culture;governance
CNT_158,Client Experience,Satisfaction,SharePoint;Mass Mailing,Dashboard,Podcast,Reporting,Data Office,Strategy,Responsible AI Charter — Edition 4,Charte IA Responsable — Edition 4,Responsible AI Chart | Charte IA Responsabl,5.1,French,English,Draft,2020-05-13,2023-08-03,2024-02-02,2025-12-19,"This content covers client experience for executive committee. It provides key insights, guidelines and best practices to support decision making and communication.",Data Management;Strategic Planning;Client Relationship,Risk Officers,Public,Ad hoc,client;transformation,,Yes,https://intranet.bnpparibas.com/content/158,,CHRO;COO,France;Global,BNP Paribas SA,Medium-term,Client Request,Risk Mitigation,digital;governance;finance
CNT_159,People & Culture,Leadership,Teams,Campaign,Dashboard,People Analytics,IT Operations,Press & Media,Cybersecurity Training Plan — Edition 4,Plan de Formation Cybersécurité — Edition 4,Cybersecurity Traini | Plan de Formation Cy,4.2,French,,Approved,2021-05-04,2025-02-03,2025-02-15,2026-07-27,"This content covers people & culture for all employees. It provides key insights, guidelines and best practices to support decision making and communication.",Risk Control;Training,All Employees,Public,Annual,innovation;strategy;culture,Yes,No,https://sharepoint.bnpparibas.com/sites/159,Product Launch,CDO;CHRO;CIO,Middle East;LATAM,BNP Paribas SA,Long-term,,Cost Reduction,transformation;AI
CNT_160,People & Culture,Training,SharePoint,Dashboard,FAQ,Reporting,Press & Media,Legal Counsel,Regulatory Watch Bulletin — Edition 4,Bulletin de Veille Réglementaire — Edition 4,Regulatory Watch Bul | Bulletin de Veille R,4.2,English,,Under Review,2021-08-17,2023-03-18,2024-10-26,2026-10-07,"This content covers people & culture for managers. It provides key insights, guidelines and best practices to support decision making and operations.",Risk Control;HR Process,Regulators;All Employees,Public,Monthly,strategy;governance;reporting;finance;transformation,,Yes,https://sharepoint.bnpparibas.com/sites/160,Digital Day,CFO;CRO,Benelux;LATAM,BNP Paribas SA,Long-term,Market Evolution,,digital;reporting;sustainability
CNT_161,ESG,Carbon Footprint,Teams,Press Release,Video,Strategy,Social Media,Data Office,Cloud Strategy 2025 — Edition 4,Stratégie Cloud 2025 — Edition 4,Cloud Strategy 2025 | Stratégie Cloud 2025,4.1,English,Spanish,Under Review,2020-03-24,2023-04-22,2024-11-15,2026-08-27,"This content covers esg for regulators. It provides key insights, guidelines and best practices to support decision making and operations.",Regulatory Reporting;Data Management,Partners;Executive Committee,Restricted,One-time,client;reporting;culture;finance,In Progress,No,https://confluence.bnpparibas.com/pages/161,Product Launch,,LATAM;Africa,Floa;BNP Paribas Leasing,Short-term,Market Evolution,,culture;transformation;reporting
CNT_162,Compliance,Sanctions;MiFID II,Intranet;Corporate Website,Newsletter,Video,Social Media,Data Office,Employee Engagement,Annual Social Balance Sheet — Edition 4,Bilan Social Annuel — Edition 4,Annual Social Balanc | Bilan Social Annuel,5.1,French,German;Italian,Approved,2022-10-08,2024-04-03,2024-10-15,2025-07-17,"This content covers compliance for all employees. It provides key insights, guidelines and best practices to support decision making and operations.",HR Process,Managers;Partners;Board,Confidential,Weekly,risk;strategy,In Progress,No,https://intranet.bnpparibas.com/content/162,Audit Committee,Chief Risk Officer,Benelux;Middle East,BNP Paribas Leasing;Arval;BNP Paribas CIB,Medium-term,Strategic Decision,Cost Reduction,ESG;AI
CNT_163,ESG,Social Impact,Teams;SharePoint,Communication,Video,Regulatory Affairs,Data Office,Recruitment,Innovation Framing Note — Edition 4,Note de Cadrage Innovation — Edition 4,Innovation Framing N | Note de Cadrage Inno,4.0,English,Italian,Approved,2020-08-28,2025-01-14,2024-10-23,2026-04-06,"This content covers esg for executive committee. It provides key insights, guidelines and best practices to support decision making and communication.",Data Management;Communication,All Employees;Board;Clients,Restricted,Monthly,innovation;data;compliance;governance;digital,In Progress,Yes,,,Business Line Head,Europe;Benelux,BNP Paribas Leasing,,Regulatory Change,Risk Mitigation,sustainability;governance
CNT_164,Innovation,Blockchain,Social Media;SharePoint,Reference Document,Dashboard,Reporting,Social Media,Legal Counsel,Enhanced KYC Procedure — Edition 4,Procédure KYC Renforcée — Edition 4,Enhanced KYC Procedu | Procédure KYC Renfor,1.2,French,Portuguese;French,Archived,2021-01-07,2025-02-18,2024-09-02,2025-08-23,"This content covers innovation for risk officers. It provides key insights, guidelines and best practices to support decision making and compliance.",Training;HR Process,Board,Internal,One-time,ESG;digital;governance,In Progress,Yes,,,Business Line Head,LATAM,Hello bank!;BNP Paribas Cardif;BNP Paribas CIB,Medium-term,Technology Evolution,,compliance;culture;ESG
CNT_165,Risk Management,Credit Risk;Market Risk,Confluence;Internal Only,Dashboard,Post,Data Office,Employee Engagement,Finance,Internal Audit Report — Edition 4,Rapport Audit Interne — Edition 4,Internal Audit Repor | Rapport Audit Intern,2.2,English,,Archived,2021-08-27,2023-03-28,2024-04-05,2026-11-01,"This content covers risk management for regulators. It provides key insights, guidelines and best practices to support decision making and operations.",Client Relationship;HR Process;Strategic Planning,Regulators;Managers;Board,Restricted,Ad hoc,AI;data,No,No,,,,Middle East;Europe,Nickel;BNP Paribas Leasing,Multi-year,,Compliance,culture;ESG
CNT_166,Risk Management,Operational Risk,Internal Only,Report,Video,Data Office,Legal Counsel,Strategy,Digital Roadmap — Edition 4,Feuille de Route Digital — Edition 4,Digital Roadmap | Feuille de Route Dig,3.0,French,,Archived,2023-01-21,2025-01-30,2024-02-19,2026-03-25,"This content covers risk management for board. It provides key insights, guidelines and best practices to support decision making and communication.",Training;Client Relationship;Communication,Regulators,Public,Quarterly,strategy;client;risk;transformation,Yes,Yes,https://confluence.bnpparibas.com/pages/166,Board Meeting,,Europe;Benelux,Arval;BNP Paribas SA,Long-term,Market Evolution,Compliance,data;digital
CNT_167,Compliance,AML,SharePoint;Teams,Newsletter,Post,Regulatory Affairs,Finance,Legal Counsel,Annual Results Communication — Edition 4,Communication Résultats Annuels — Edition 4,Annual Results Commu | Communication Résult,4.0,French,,Under Review,2022-05-02,2023-10-13,2024-07-30,2026-12-27,"This content covers compliance for regulators. It provides key insights, guidelines and best practices to support decision making and compliance.",Audit;Client Relationship,Risk Officers;Board,Public,Monthly,compliance;sustainability;transformation,,Yes,,Audit Committee,,Benelux;Europe,BNP Paribas Cardif;Arval;Cetelem,Short-term,Internal Initiative,Process Improvement,risk;reporting;sustainability
CNT_168,Risk Management,Credit Risk;Liquidity Risk,Corporate Website;Social Media,Training,FAQ,Reporting,IT Operations,Employee Engagement,Manager Onboarding Guide — Edition 4,Guide Onboarding Manager — Edition 4,Manager Onboarding G | Guide Onboarding Man,2.3,English,,Draft,2023-03-18,2023-08-11,2024-09-18,2026-04-26,"This content covers risk management for clients. It provides key insights, guidelines and best practices to support decision making and operations.",Risk Control;Client Relationship;Data Management,Risk Officers,Internal,Ad hoc,governance;strategy,No,No,,,,Global;Americas,BNP Paribas Leasing,,,Compliance,data;transformation;client;compliance
CNT_169,Finance,Audit;Forecasting,Corporate Website,Report,Podcast,IT Operations,Employee Engagement,People Analytics,Client Dashboard — Edition 4,Tableau de Bord Clients — Edition 4,Client Dashboard | Tableau de Bord Clie,3.3,English,French;German,Draft,2023-02-03,2024-12-24,2024-03-24,2026-09-23,"This content covers finance for board. It provides key insights, guidelines and best practices to support decision making and strategy.",Strategic Planning;HR Process;Client Relationship,Executive Committee;Regulators;Partners,Restricted,One-time,sustainability;AI;finance;governance;innovation,In Progress,No,,Townhall,Head of Comms,Global;APAC,BNP Paribas CIB;Arval,Immediate,,Revenue Growth,ESG;digital;governance;risk
CNT_170,Client Experience,Digital Journey;CRM,SharePoint,Dashboard,Infographic,Employee Engagement,Data Office,Press & Media,Business Continuity Plan — Edition 4,Plan de Continuité d'Activité — Edition 4,Business Continuity  | Plan de Continuité d,5.2,French,French;Italian,Active,2020-10-16,2023-12-15,2024-07-15,2026-08-03,"This content covers client experience for board. It provides key insights, guidelines and best practices to support decision making and strategy.",Data Management,Managers,Public,Weekly,transformation;innovation;AI;sustainability;data,No,Yes,https://confluence.bnpparibas.com/pages/170,,,Benelux;Europe,Hello bank!,Multi-year,Internal Initiative,Cost Reduction,innovation;risk;digital
CNT_171,Risk Management,Liquidity Risk,Confluence,Press Release,Article,People Analytics,Finance,Data Office,Risk Committee Summary — Edition 4,Synthèse Comité des Risques — Edition 4,Risk Committee Summa | Synthèse Comité des ,1.3,English,Italian;English,Draft,2020-09-13,2023-12-20,2025-02-15,2025-11-11,"This content covers risk management for clients. It provides key insights, guidelines and best practices to support decision making and compliance.",HR Process;Client Relationship,Executive Committee;Clients,Public,Weekly,reporting;culture;ESG,In Progress,Yes,,Product Launch,CDO,APAC;LATAM,Nickel,Long-term,,Better UX,sustainability;digital;ESG;AI
CNT_172,People & Culture,Well-being;Training,Social Media;Confluence,Communication,Video,Regulatory Affairs,Regulatory Affairs,Press & Media,Sustainability Report — Edition 4,Rapport Développement Durable — Edition 4,Sustainability Repor | Rapport Développemen,4.3,English,Portuguese,Draft,2022-10-12,2024-05-19,2024-12-18,2026-05-22,"This content covers people & culture for managers. It provides key insights, guidelines and best practices to support decision making and communication.",Communication;Risk Control,Regulators,Restricted,One-time,client;ESG,Yes,No,,Annual Results,CDO,France,Hello bank!;BNP Paribas Cardif;BNP Paribas CIB,Immediate,Audit Finding,Compliance,strategy;culture;governance;transformation
CNT_173,Compliance,KYC;GDPR,Teams,Reference Document,Post,IT Operations,Henri Dupont,People Analytics,Data Governance Manual — Edition 4,Manuel Gouvernance des Données — Edition 4,Data Governance Manu | Manuel Gouvernance d,5.1,French,Portuguese;English,Active,2020-03-04,2024-02-08,2024-12-30,2026-12-27,"This content covers compliance for managers. It provides key insights, guidelines and best practices to support decision making and compliance.",Digital Initiative,Clients;Regulators,Restricted,Ad hoc,client;culture;reporting,Yes,Yes,,Annual Results,,Benelux,Cetelem,Immediate,Regulatory Change,Efficiency Gain,risk;sustainability;digital;compliance
CNT_174,Data & AI,Data Governance,Mass Mailing,Reference Document,Document,Legal Counsel,Strategy,Finance,EXCO Strategy Presentation — Edition 4,Présentation COMEX Stratégie — Edition 4,EXCO Strategy Presen | Présentation COMEX S,5.1,English,Italian;French,Published,2021-10-08,2023-01-08,2024-10-21,2025-09-04,"This content covers data & ai for partners. It provides key insights, guidelines and best practices to support decision making and communication.",Training;Client Relationship;Strategic Planning,Managers;Regulators,Internal,Monthly,reporting;ESG;governance;finance,No,No,,ESG Summit,,APAC,BNP Paribas CIB,Multi-year,Strategic Decision,Risk Mitigation,transformation;AI;digital
CNT_175,People & Culture,Onboarding,Intranet,Training,Video,People Analytics,Henri Dupont,Social Media,Regulatory Reporting Guide — Edition 4,Guide de Reporting Réglementaire — Edition 4,Regulatory Reporting | Guide de Reporting R,4.2,French,Portuguese,Under Review,2020-12-06,2023-05-02,2025-03-07,2026-09-16,"This content covers people & culture for board. It provides key insights, guidelines and best practices to support decision making and compliance.",HR Process;Strategic Planning;Risk Control,Partners;Board,Internal,Monthly,culture;innovation,In Progress,No,,,,Europe,Floa;Hello bank!;Cetelem,Long-term,Strategic Decision,,governance;risk
CNT_176,Data & AI,ML Ops,Teams;Mass Mailing,Communication,Infographic,Regulatory Affairs,IT Operations,Legal Counsel,GenAI Adoption Playbook — Edition 4,Playbook Adoption GenAI — Edition 4,GenAI Adoption Playb | Playbook Adoption Ge,1.3,French,,Approved,2021-04-23,2024-08-11,2024-10-27,2026-03-21,"This content covers data & ai for risk officers. It provides key insights, guidelines and best practices to support decision making and communication.",Communication;Strategic Planning;Client Relationship,Risk Officers;Board;Clients,Restricted,One-time,client;strategy;digital,No,No,https://intranet.bnpparibas.com/content/176,Townhall,,Europe;LATAM,BNP Paribas Cardif;Cetelem,Multi-year,Market Evolution,Compliance,client;sustainability;AI;strategy
CNT_177,Innovation,Open Banking,Intranet;Confluence,Training,Presentation,IT Operations,Henri Dupont,Strategy,Employee Engagement Survey — Edition 4,Enquête Engagement Collaborateurs — Edition 4,Employee Engagement  | Enquête Engagement C,2.1,French,Portuguese;Spanish;French,Active,2021-05-14,2024-04-19,2024-03-10,2026-12-22,"This content covers innovation for partners. It provides key insights, guidelines and best practices to support decision making and strategy.",Strategic Planning,Clients,Internal,Quarterly,sustainability;transformation;reporting;compliance;data,In Progress,No,https://confluence.bnpparibas.com/pages/177,Regulatory Deadline,,Benelux,BNP Paribas SA,Multi-year,Market Evolution,,transformation;governance;sustainability
CNT_178,ESG,Governance;Green Finance,Mass Mailing,Report,Dashboard,IT Operations,Reporting,Recruitment,Climate Risk Assessment — Edition 4,Évaluation Risque Climatique — Edition 4,Climate Risk Assessm | Évaluation Risque Cl,1.3,French,Spanish;German,Approved,2022-03-23,2024-02-05,2024-10-14,2026-07-19,"This content covers esg for board. It provides key insights, guidelines and best practices to support decision making and communication.",Regulatory Reporting,Risk Officers,Confidential,Weekly,ESG;digital;strategy,No,Yes,,Annual Results,CEO;CHRO,APAC,BNP Paribas Leasing;BNP Paribas SA,,Client Request,,data;transformation;finance
CNT_179,Finance,Forecasting;P&L,Mass Mailing,Training,Email,Regulatory Affairs,Strategy,Social Media,Digital Transformation Bulletin — Edition 4,Bulletin Transformation Digitale — Edition 4,Digital Transformati | Bulletin Transformat,5.2,English,,Active,2023-04-02,2024-04-03,2025-03-09,2026-10-30,"This content covers finance for partners. It provides key insights, guidelines and best practices to support decision making and operations.",Training,Executive Committee;Partners;Managers,Public,Quarterly,client;culture;transformation,,Yes,https://sharepoint.bnpparibas.com/sites/179,Audit Committee,COO;Head of Comms;CEO,France;Americas,Floa,Long-term,,Revenue Growth,client;finance;governance;risk
CNT_180,Innovation,Hackathon,Corporate Website;Social Media,Report,Email,Reporting,Data Office,Regulatory Affairs,Compliance E-Learning Module — Edition 4,Module E-Learning Conformité — Edition 4,Compliance E-Learnin | Module E-Learning Co,5.3,English,,Approved,2021-09-28,2024-09-24,2025-01-14,2025-08-03,"This content covers innovation for regulators. It provides key insights, guidelines and best practices to support decision making and communication.",Regulatory Reporting,Managers;Regulators;Clients,Confidential,Monthly,transformation;ESG;reporting,No,No,,,,Americas;Global,BNP Paribas CIB;Hello bank!,Medium-term,Technology Evolution,Risk Mitigation,finance;culture;transformation;risk
CNT_181,Operations,Supply Chain,Social Media,Reference Document,Post,IT Operations,IT Operations,Strategy,API Management Policy — Edition 4,Politique Gestion des API — Edition 4,API Management Polic | Politique Gestion de,2.3,English,Spanish,Approved,2022-06-06,2024-02-04,2024-11-17,2026-08-04,"This content covers operations for board. It provides key insights, guidelines and best practices to support decision making and communication.",Regulatory Reporting;Training,Executive Committee,Internal,Ad hoc,client;transformation;innovation;compliance;strategy,,Yes,,Product Launch,,LATAM,Hello bank!,Short-term,Technology Evolution,Better UX,compliance;sustainability;AI
CNT_182,Client Experience,Onboarding,Confluence,Newsletter,Dashboard,Reporting,Henri Dupont,People Analytics,Diversity Report — Edition 4,Rapport Diversité — Edition 4,Diversity Report | Rapport Diversité,3.2,French,,Active,2022-12-19,2023-05-04,2024-11-13,2025-10-30,"This content covers client experience for partners. It provides key insights, guidelines and best practices to support decision making and compliance.",Risk Control,Risk Officers;Board;All Employees,Internal,Monthly,reporting;transformation;finance;innovation,Yes,Yes,,Audit Committee,Chief Risk Officer;Business Line Head,France;Middle East,Nickel;BNP Paribas Cardif;Hello bank!,Long-term,Internal Initiative,Efficiency Gain,reporting;digital
CNT_183,Data & AI,Data Quality;Analytics,Internal Only;SharePoint,Campaign,Dashboard,Legal Counsel,Employee Engagement,Finance,Customer Journey Mapping — Edition 4,Cartographie Parcours Client — Edition 4,Customer Journey Map | Cartographie Parcour,1.3,French,,Active,2022-06-16,2024-01-11,2024-09-16,2026-06-18,"This content covers data & ai for executive committee. It provides key insights, guidelines and best practices to support decision making and compliance.",Communication;Audit,Board;All Employees;Risk Officers,Restricted,One-time,ESG;innovation;risk,In Progress,Yes,https://intranet.bnpparibas.com/content/183,Annual Results,,Africa,BNP Paribas Cardif;Hello bank!,Short-term,,Cost Reduction,compliance;finance;ESG;data
CNT_184,Finance,P&L,Teams,Newsletter,FAQ,Regulatory Affairs,Henri Dupont,Strategy,Treasury Risk Policy — Edition 4,Politique Risque de Trésorerie — Edition 4,Treasury Risk Policy | Politique Risque de ,2.2,English,Spanish,Under Review,2022-04-04,2023-12-28,2024-10-27,2025-06-22,"This content covers finance for clients. It provides key insights, guidelines and best practices to support decision making and strategy.",Communication,Partners;Regulators;Executive Committee,Confidential,One-time,compliance;client,,Yes,https://confluence.bnpparibas.com/pages/184,ESG Summit,,LATAM;APAC,BNP Paribas CIB,Long-term,Strategic Decision,Risk Mitigation,governance;innovation;sustainability
CNT_185,Operations,Continuity;Process,Social Media,Reference Document,Presentation,Strategy,Finance,Data Office,Market Risk Framework — Edition 4,Cadre Risque de Marché — Edition 4,Market Risk Framewor | Cadre Risque de Marc,1.0,French,Portuguese;German,Under Review,2022-02-17,2023-04-09,2024-10-27,2026-06-26,"This content covers operations for board. It provides key insights, guidelines and best practices to support decision making and operations.",Data Management;Training;Digital Initiative,Regulators,Public,Ad hoc,reporting;ESG;client;compliance;strategy,Yes,Yes,https://intranet.bnpparibas.com/content/185,ESG Summit,CEO;Chief Risk Officer,France,Nickel,Long-term,Strategic Decision,Better UX,culture;risk
CNT_186,Finance,Audit;Forecasting,Internal Only;Confluence,Training,FAQ,People Analytics,Henri Dupont,Employee Engagement,Conduct Risk Guidelines — Edition 4,Lignes Directrices Risque de Conduite — Edition 4,Conduct Risk Guideli | Lignes Directrices R,2.2,English,German;French,Draft,2020-02-16,2023-09-13,2024-02-18,2026-09-01,"This content covers finance for regulators. It provides key insights, guidelines and best practices to support decision making and operations.",HR Process,Regulators;Partners,Internal,Ad hoc,innovation;reporting;transformation,In Progress,No,,Board Meeting,Head of Comms,APAC,BNP Paribas Leasing;Hello bank!,Immediate,Regulatory Change,Cost Reduction,finance;governance;digital;data
CNT_187,Risk Management,Liquidity Risk;Operational Risk,Mass Mailing,Newsletter,Document,Social Media,Henri Dupont,Employee Engagement,Credit Risk Policy Update — Edition 4,Mise à Jour Politique Risque Crédit — Edition 4,Credit Risk Policy U | Mise à Jour Politiqu,5.0,English,French,Under Review,2021-06-01,2024-04-12,2024-09-12,2026-03-27,"This content covers risk management for board. It provides key insights, guidelines and best practices to support decision making and strategy.",HR Process;Client Relationship;Strategic Planning,Board,Internal,Ad hoc,strategy;risk,Yes,No,,Townhall,,Global,Arval;BNP Paribas Leasing,Multi-year,,Process Improvement,strategy;risk;data;client
CNT_188,ESG,Social Impact,Social Media,Dashboard,Email,Press & Media,Regulatory Affairs,Employee Engagement,FinCrime Prevention Guide — Edition 4,Guide Prévention Criminalité Financière — Edition 4,FinCrime Prevention  | Guide Prévention Cri,3.3,French,Portuguese,Approved,2020-12-21,2024-12-09,2025-04-09,2026-09-21,"This content covers esg for board. It provides key insights, guidelines and best practices to support decision making and strategy.",Client Relationship;Communication,Regulators;All Employees;Executive Committee,Restricted,Quarterly,compliance;innovation;transformation;strategy;governance,Yes,Yes,https://sharepoint.bnpparibas.com/sites/188,Audit Committee,,Europe,Hello bank!;BNP Paribas Cardif;Arval,Medium-term,Strategic Decision,Better UX,sustainability;digital;ESG
CNT_189,Finance,Forecasting,SharePoint;Mass Mailing,Training,Podcast,Press & Media,Legal Counsel,Strategy,Data Mesh Architecture — Edition 4,Architecture Data Mesh — Edition 4,Data Mesh Architectu | Architecture Data Me,2.2,English,English,Active,2022-10-09,2025-02-23,2024-04-26,2025-10-20,"This content covers finance for executive committee. It provides key insights, guidelines and best practices to support decision making and operations.",Regulatory Reporting;Data Management,All Employees;Partners,Confidential,Weekly,finance;data;strategy;governance;sustainability,,Yes,,Annual Results,CRO;Business Line Head;CIO,LATAM;Middle East,Cetelem;BNP Paribas Leasing,Long-term,Internal Initiative,Cost Reduction,AI;client;ESG
CNT_190,Digital Transformation,DevOps,Teams,Press Release,Post,Data Office,Henri Dupont,IT Operations,ESG Scorecard — Edition 4,Tableau de Bord ESG — Edition 4,ESG Scorecard | Tableau de Bord ESG,5.3,French,English;Portuguese,Under Review,2020-04-20,2024-09-10,2025-02-04,2026-09-14,"This content covers digital transformation for regulators. It provides key insights, guidelines and best practices to support decision making and compliance.",Training;Data Management,Clients;Managers,Public,Weekly,reporting;sustainability;transformation,,Yes,https://intranet.bnpparibas.com/content/190,ESG Summit,,Global,Nickel;BNP Paribas CIB;Hello bank!,Short-term,Regulatory Change,Revenue Growth,reporting;finance;digital
CNT_191,Client Experience,Onboarding,Mass Mailing;Corporate Website,Reference Document,Email,IT Operations,IT Operations,People Analytics,HR Digital Transformation — Edition 4,Transformation RH Digitale — Edition 4,HR Digital Transform | Transformation RH Di,1.2,English,Italian;German;Portuguese,Under Review,2020-09-13,2024-02-02,2024-04-28,2026-12-18,"This content covers client experience for managers. It provides key insights, guidelines and best practices to support decision making and compliance.",Communication;HR Process;Regulatory Reporting,Clients;Executive Committee,Internal,Quarterly,data;governance;risk;ESG,No,No,,Regulatory Deadline,Business Line Head;CHRO,Benelux;LATAM,Floa;BNP Paribas Cardif,,,Cost Reduction,innovation;strategy;finance
CNT_192,Client Experience,Digital Journey;CRM,Confluence;Intranet,Press Release,Presentation,Data Office,People Analytics,Recruitment,Procurement Policy Renewal — Edition 4,Renouvellement Politique Achats — Edition 4,Procurement Policy R | Renouvellement Polit,2.1,English,English,Draft,2022-09-29,2025-01-21,2025-01-23,2026-12-22,"This content covers client experience for clients. It provides key insights, guidelines and best practices to support decision making and operations.",Strategic Planning;Data Management,Board;Managers,Public,Annual,data;strategy;digital,In Progress,Yes,https://intranet.bnpparibas.com/content/192,,,LATAM;Global,BNP Paribas Leasing;BNP Paribas CIB;Arval,Medium-term,,Revenue Growth,reporting;data;finance;culture
CNT_193,People & Culture,Onboarding;Performance,Mass Mailing;Social Media,Training,Email,IT Operations,Strategy,Legal Counsel,CRM Migration Guide — Edition 4,Guide Migration CRM — Edition 4,CRM Migration Guide | Guide Migration CRM,1.2,French,Italian;Spanish,Active,2021-08-07,2023-10-16,2024-02-23,2026-03-18,"This content covers people & culture for managers. It provides key insights, guidelines and best practices to support decision making and compliance.",Communication;Regulatory Reporting;Data Management,Clients,Restricted,Ad hoc,ESG;client,Yes,Yes,,Townhall,CFO;COO;Head of Comms,APAC;Europe,Hello bank!;Arval;BNP Paribas Leasing,Short-term,Strategic Decision,Risk Mitigation,governance;compliance;reporting
CNT_194,Compliance,GDPR,Confluence;Intranet,Campaign,Post,Finance,Henri Dupont,Press & Media,Operational Excellence Plan — Edition 4,Plan Excellence Opérationnelle — Edition 4,Operational Excellen | Plan Excellence Opér,1.1,English,,Active,2023-03-30,2023-07-09,2024-08-27,2026-05-16,"This content covers compliance for board. It provides key insights, guidelines and best practices to support decision making and strategy.",Audit,Executive Committee;Regulators,Restricted,Quarterly,digital;culture,In Progress,Yes,,Audit Committee,,Africa,Arval,,Strategic Decision,,client;strategy
CNT_195,Finance,Forecasting,Intranet;Internal Only,Campaign,Post,Press & Media,Henri Dupont,Finance,Brand Guidelines Update — Edition 4,Mise à Jour Charte Marque — Edition 4,Brand Guidelines Upd | Mise à Jour Charte M,2.0,English,,Under Review,2023-06-12,2023-08-17,2025-03-26,2025-11-12,"This content covers finance for board. It provides key insights, guidelines and best practices to support decision making and communication.",Audit;Digital Initiative;Communication,Regulators;Managers;Risk Officers,Confidential,Monthly,AI;reporting,,Yes,,Audit Committee,,Americas,Arval,Immediate,Client Request,Revenue Growth,compliance;sustainability
CNT_196,People & Culture,Well-being,Teams;Social Media,Campaign,Article,Employee Engagement,Regulatory Affairs,Data Office,Social Media Policy — Edition 4,Politique Réseaux Sociaux — Edition 4,Social Media Policy | Politique Réseaux So,4.1,French,English,Active,2023-01-13,2024-09-26,2024-06-28,2026-05-29,"This content covers people & culture for managers. It provides key insights, guidelines and best practices to support decision making and operations.",Digital Initiative,Regulators,Restricted,Annual,data;risk;compliance;governance;client,Yes,Yes,https://intranet.bnpparibas.com/content/196,Digital Day,,Middle East,Cetelem,,Client Request,Process Improvement,culture;reporting;finance;compliance
CNT_197,Innovation,Blockchain;Open Banking,Confluence,Training,Video,Data Office,Social Media,Strategy,Talent Acquisition Strategy — Edition 4,Stratégie Acquisition Talents — Edition 4,Talent Acquisition S | Stratégie Acquisitio,5.1,French,French,Archived,2022-11-03,2023-05-11,2024-05-14,2025-09-11,"This content covers innovation for managers. It provides key insights, guidelines and best practices to support decision making and strategy.",Audit;HR Process;Risk Control,Clients;Managers,Internal,Weekly,compliance;innovation;transformation,,Yes,,Board Meeting,,APAC,Arval;Floa;Hello bank!,Multi-year,Client Request,Compliance,compliance;innovation
CNT_198,ESG,Social Impact;Governance,Mass Mailing;Internal Only,Reference Document,Presentation,Regulatory Affairs,Data Office,Legal Counsel,Innovation Lab Report — Edition 4,Rapport Lab Innovation — Edition 4,Innovation Lab Repor | Rapport Lab Innovati,3.2,English,Spanish;Italian,Archived,2020-04-21,2024-10-30,2025-04-07,2025-08-05,"This content covers esg for board. It provides key insights, guidelines and best practices to support decision making and operations.",Digital Initiative;Audit,Board;Clients,Internal,Weekly,governance;strategy;client;compliance;data,Yes,Yes,https://confluence.bnpparibas.com/pages/198,Annual Results,,Americas,Floa;Cetelem,Immediate,Strategic Decision,Revenue Growth,client;culture
CNT_199,Compliance,Sanctions,SharePoint,Report,Post,Social Media,Strategy,Data Office,Cybersecurity Awareness Campaign — Edition 4,Campagne Sensibilisation Cybersécurité — Edition 4,Cybersecurity Awaren | Campagne Sensibilisa,4.2,English,Italian,Active,2022-12-10,2023-04-03,2025-03-14,2026-05-10,"This content covers compliance for partners. It provides key insights, guidelines and best practices to support decision making and operations.",Client Relationship;Training,Board,Public,Monthly,innovation;risk,In Progress,No,,Audit Committee,,APAC;Europe,Arval;BNP Paribas Cardif;Nickel,Short-term,,Cost Reduction,culture;data;strategy;AI
CNT_200,People & Culture,Training;Well-being,SharePoint;Social Media,Campaign,Email,Reporting,Regulatory Affairs,Recruitment,Financial Crime Alert — Edition 4,Alerte Criminalité Financière — Edition 4,Financial Crime Aler | Alerte Criminalité F,5.2,French,,Archived,2022-05-14,2024-09-13,2024-10-03,2026-09-18,"This content covers people & culture for executive committee. It provides key insights, guidelines and best practices to support decision making and operations.",Digital Initiative,Executive Committee;Clients;Partners,Internal,Weekly,reporting;ESG;culture;client,No,Yes,https://intranet.bnpparibas.com/content/200,,CIO,Global;Americas,Nickel;BNP Paribas CIB;BNP Paribas Leasing,Multi-year,Audit Finding,Better UX,ESG;AI
CNT_201,Client Experience,Satisfaction,Social Media;Mass Mailing,Press Release,Email,Employee Engagement,Data Office,Regulatory Affairs,Data Governance Comms Plan — Edition 5,Plan de Communication Data Governance — Edition 5,Data Governance Comm | Plan de Communicatio,2.2,French,French,Published,2021-09-30,2023-11-11,2024-07-02,2026-07-08,"This content covers client experience for board. It provides key insights, guidelines and best practices to support decision making and communication.",Regulatory Reporting;Strategic Planning,All Employees;Managers;Partners,Public,Annual,AI;risk,In Progress,Yes,,Product Launch,CRO;CFO,LATAM,Nickel;Hello bank!,Immediate,Strategic Decision,Compliance,sustainability;ESG;innovation
CNT_202,Data & AI,Data Quality,Social Media;Mass Mailing,Newsletter,Podcast,Social Media,Strategy,Data Office,2024 ESG Annual Report — Edition 5,Rapport Annuel ESG 2024 — Edition 5,2024 ESG Annual Repo | Rapport Annuel ESG 2,2.0,English,,Archived,2020-01-06,2024-01-14,2025-04-08,2025-11-14,"This content covers data & ai for regulators. It provides key insights, guidelines and best practices to support decision making and strategy.",Audit;Data Management,Risk Officers,Restricted,Monthly,data;ESG;compliance;sustainability;culture,No,No,,Annual Results,,Benelux;Americas,BNP Paribas Leasing;BNP Paribas SA,Immediate,Strategic Decision,Compliance,reporting;strategy;risk
CNT_203,Data & AI,GenAI;Analytics,Social Media,Training,Email,Legal Counsel,Regulatory Affairs,Recruitment,Monthly HR Newsletter — Edition 5,Newsletter Mensuelle RH — Edition 5,Monthly HR Newslette | Newsletter Mensuelle,4.1,French,,Archived,2022-10-20,2023-09-23,2024-07-03,2025-09-22,"This content covers data & ai for managers. It provides key insights, guidelines and best practices to support decision making and compliance.",HR Process;Digital Initiative;Client Relationship,All Employees,Restricted,Monthly,finance;strategy;transformation;risk,Yes,Yes,,ESG Summit,CDO,Benelux,BNP Paribas CIB,Multi-year,Strategic Decision,Cost Reduction,strategy;reporting;client;innovation
CNT_204,Finance,Budget,Mass Mailing,Report,Video,Strategy,Social Media,Finance,GDPR Compliance Guide — Edition 5,Guide de Conformité RGPD — Edition 5,GDPR Compliance Guid | Guide de Conformité ,3.0,English,,Archived,2020-11-12,2024-03-30,2024-10-06,2026-11-17,"This content covers finance for all employees. It provides key insights, guidelines and best practices to support decision making and strategy.",Regulatory Reporting;Data Management,Risk Officers;Clients;Managers,Restricted,Annual,digital;data,Yes,No,,ESG Summit,CDO,Americas,Cetelem,Medium-term,,Risk Mitigation,AI;finance
CNT_205,People & Culture,Leadership;Training,Intranet,Newsletter,FAQ,Reporting,Data Office,Regulatory Affairs,Operational Risk Dashboard — Edition 5,Dashboard Risques Opérationnels — Edition 5,Operational Risk Das | Dashboard Risques Op,3.2,English,Italian;Spanish,Under Review,2020-10-06,2023-08-18,2024-10-20,2025-08-26,"This content covers people & culture for regulators. It provides key insights, guidelines and best practices to support decision making and strategy.",Digital Initiative;Training;Audit,Executive Committee;Partners;Risk Officers,Public,One-time,finance;client,In Progress,Yes,,Board Meeting,,Middle East;Benelux,BNP Paribas Leasing,Short-term,Strategic Decision,Compliance,risk;reporting
CNT_206,Innovation,Fintech;Hackathon,Internal Only;Confluence,Training,FAQ,Data Office,Legal Counsel,People Analytics,Data Quality Policy — Edition 5,Politique Data Quality — Edition 5,Data Quality Policy | Politique Data Quali,3.3,French,,Under Review,2022-10-23,2025-01-03,2024-08-31,2025-07-12,"This content covers innovation for managers. It provides key insights, guidelines and best practices to support decision making and compliance.",Regulatory Reporting;Audit;HR Process,All Employees;Risk Officers;Managers,Public,Weekly,governance;culture;risk,No,No,https://intranet.bnpparibas.com/content/206,Board Meeting,Business Line Head;COO;Head of Comms,Benelux,BNP Paribas Leasing;Cetelem,Short-term,Client Request,Better UX,innovation;governance;risk;client
CNT_207,Risk Management,Conduct Risk;Liquidity Risk,Mass Mailing;Confluence,Training,Dashboard,Regulatory Affairs,Strategy,Strategy,Q3 Performance Report — Edition 5,Rapport de Performance Q3 — Edition 5,Q3 Performance Repor | Rapport de Performan,2.3,French,,Active,2020-11-09,2023-05-03,2024-09-08,2025-10-03,"This content covers risk management for regulators. It provides key insights, guidelines and best practices to support decision making and communication.",HR Process;Client Relationship;Communication,Managers,Restricted,Quarterly,ESG;AI;transformation,In Progress,No,https://confluence.bnpparibas.com/pages/207,Digital Day,,APAC,Hello bank!,Immediate,Internal Initiative,,ESG;AI
CNT_208,Risk Management,Operational Risk,Mass Mailing;Social Media,Reference Document,Podcast,Recruitment,Strategy,Data Office,Responsible AI Charter — Edition 5,Charte IA Responsable — Edition 5,Responsible AI Chart | Charte IA Responsabl,2.3,French,,Published,2023-05-26,2024-06-29,2025-03-27,2026-08-28,"This content covers risk management for risk officers. It provides key insights, guidelines and best practices to support decision making and operations.",Data Management;HR Process,Managers,Confidential,Quarterly,finance;sustainability;compliance;innovation;data,No,Yes,https://intranet.bnpparibas.com/content/208,Digital Day,CIO;CRO;Head of Comms,Global,Arval;BNP Paribas Leasing;Floa,,Market Evolution,,data;reporting
CNT_209,Operations,Facilities;Supply Chain,Confluence,Reference Document,Post,Reporting,People Analytics,Reporting,Cybersecurity Training Plan — Edition 5,Plan de Formation Cybersécurité — Edition 5,Cybersecurity Traini | Plan de Formation Cy,5.2,French,Spanish;Italian,Approved,2021-07-02,2023-12-22,2024-09-21,2026-06-16,"This content covers operations for regulators. It provides key insights, guidelines and best practices to support decision making and operations.",Client Relationship;Training,Board,Internal,Monthly,AI;culture;finance;risk,,Yes,https://confluence.bnpparibas.com/pages/209,,Business Line Head,Americas;Benelux,Nickel;Cetelem,Medium-term,,Efficiency Gain,transformation;sustainability
CNT_210,Innovation,Fintech;Hackathon,Corporate Website,Communication,Post,Reporting,Data Office,Data Office,Regulatory Watch Bulletin — Edition 5,Bulletin de Veille Réglementaire — Edition 5,Regulatory Watch Bul | Bulletin de Veille R,1.2,English,Spanish;Portuguese,Under Review,2020-08-03,2023-01-21,2024-05-30,2026-06-19,"This content covers innovation for regulators. It provides key insights, guidelines and best practices to support decision making and compliance.",Client Relationship,Board;Risk Officers;Clients,Restricted,Monthly,client;compliance;risk;AI;sustainability,Yes,No,https://confluence.bnpparibas.com/pages/210,Board Meeting,CEO,Europe;APAC,Hello bank!;BNP Paribas Cardif;Arval,Long-term,Strategic Decision,,culture;ESG;finance
CNT_211,Risk Management,Market Risk;Liquidity Risk,Mass Mailing,Dashboard,Presentation,Social Media,People Analytics,Recruitment,Cloud Strategy 2025 — Edition 5,Stratégie Cloud 2025 — Edition 5,Cloud Strategy 2025 | Stratégie Cloud 2025,1.0,English,,Approved,2022-05-02,2024-10-09,2024-02-19,2025-06-12,"This content covers risk management for executive committee. It provides key insights, guidelines and best practices to support decision making and operations.",HR Process;Data Management,Board;Partners;Clients,Restricted,Monthly,digital;innovation,,No,https://confluence.bnpparibas.com/pages/211,Audit Committee,,APAC;LATAM,BNP Paribas Leasing;Hello bank!;Arval,,Market Evolution,Cost Reduction,governance;reporting;sustainability;digital
CNT_212,Digital Transformation,Cloud;Cybersecurity,Internal Only;Confluence,Press Release,Document,Social Media,Finance,Regulatory Affairs,Annual Social Balance Sheet — Edition 5,Bilan Social Annuel — Edition 5,Annual Social Balanc | Bilan Social Annuel,4.3,English,,Approved,2022-12-19,2024-11-16,2024-10-21,2025-12-30,"This content covers digital transformation for all employees. It provides key insights, guidelines and best practices to support decision making and strategy.",Strategic Planning;Training;HR Process,Managers;Executive Committee,Public,Ad hoc,risk;finance;data;transformation;client,No,No,https://confluence.bnpparibas.com/pages/212,,CHRO,Africa;Benelux,Arval,Immediate,Technology Evolution,Risk Mitigation,ESG;transformation
CNT_213,Compliance,GDPR,Corporate Website,Report,Presentation,Reporting,Strategy,IT Operations,Innovation Framing Note — Edition 5,Note de Cadrage Innovation — Edition 5,Innovation Framing N | Note de Cadrage Inno,2.1,French,French;English,Under Review,2020-08-29,2023-08-31,2024-09-24,2026-12-10,"This content covers compliance for risk officers. It provides key insights, guidelines and best practices to support decision making and strategy.",HR Process,Clients,Confidential,One-time,sustainability;strategy;data;compliance,In Progress,No,https://sharepoint.bnpparibas.com/sites/213,,CHRO;CFO,Europe;Benelux,BNP Paribas SA,,Market Evolution,Revenue Growth,strategy;transformation;sustainability;culture
CNT_214,Compliance,GDPR;MiFID II,SharePoint,Report,FAQ,Press & Media,Social Media,IT Operations,Enhanced KYC Procedure — Edition 5,Procédure KYC Renforcée — Edition 5,Enhanced KYC Procedu | Procédure KYC Renfor,2.2,English,French;Italian,Draft,2021-06-19,2023-12-30,2025-04-13,2026-10-18,"This content covers compliance for executive committee. It provides key insights, guidelines and best practices to support decision making and operations.",HR Process;Communication,Regulators;Board,Restricted,Ad hoc,risk;governance;culture;innovation,In Progress,Yes,,,,Global,Arval,,Technology Evolution,Better UX,sustainability;culture
CNT_215,Client Experience,CRM,Confluence,Report,Video,Press & Media,Henri Dupont,IT Operations,Internal Audit Report — Edition 5,Rapport Audit Interne — Edition 5,Internal Audit Repor | Rapport Audit Intern,1.2,English,French;Spanish,Active,2021-12-28,2024-07-18,2024-06-16,2026-10-06,"This content covers client experience for all employees. It provides key insights, guidelines and best practices to support decision making and compliance.",Audit,All Employees;Risk Officers;Regulators,Public,Monthly,ESG;data;innovation;strategy,In Progress,No,https://intranet.bnpparibas.com/content/215,Product Launch,,LATAM;France,Arval,Multi-year,Regulatory Change,Better UX,ESG;transformation;finance
CNT_216,Risk Management,Liquidity Risk;Conduct Risk,Confluence;Internal Only,Newsletter,Article,IT Operations,Social Media,Press & Media,Digital Roadmap — Edition 5,Feuille de Route Digital — Edition 5,Digital Roadmap | Feuille de Route Dig,2.3,French,English;Portuguese,Draft,2020-12-28,2023-01-26,2024-12-06,2026-11-03,"This content covers risk management for managers. It provides key insights, guidelines and best practices to support decision making and operations.",Training;Strategic Planning,Risk Officers,Internal,Ad hoc,client;innovation,In Progress,No,https://sharepoint.bnpparibas.com/sites/216,ESG Summit,,Africa,Nickel,Immediate,Market Evolution,Revenue Growth,compliance;risk;ESG;innovation
CNT_217,Operations,Supply Chain;Facilities,Internal Only,Report,Article,Strategy,Henri Dupont,Press & Media,Annual Results Communication — Edition 5,Communication Résultats Annuels — Edition 5,Annual Results Commu | Communication Résult,5.1,English,Portuguese,Approved,2020-12-27,2024-12-10,2024-08-16,2026-12-23,"This content covers operations for executive committee. It provides key insights, guidelines and best practices to support decision making and operations.",Communication;Risk Control,Regulators;Risk Officers;Managers,Internal,Monthly,data;reporting;transformation;sustainability;ESG,No,No,https://confluence.bnpparibas.com/pages/217,Townhall,,Americas;Middle East,Floa;BNP Paribas CIB;BNP Paribas Leasing,Short-term,Client Request,,strategy;culture
CNT_218,Operations,Procurement;Supply Chain,Social Media,Press Release,FAQ,Employee Engagement,Legal Counsel,Legal Counsel,Manager Onboarding Guide — Edition 5,Guide Onboarding Manager — Edition 5,Manager Onboarding G | Guide Onboarding Man,5.3,French,Italian,Archived,2020-11-30,2024-06-13,2024-06-23,2025-09-28,"This content covers operations for managers. It provides key insights, guidelines and best practices to support decision making and operations.",HR Process;Communication,Risk Officers;Clients,Confidential,Ad hoc,transformation;data,,Yes,https://intranet.bnpparibas.com/content/218,Townhall,,Global,BNP Paribas CIB;BNP Paribas Cardif;BNP Paribas Leasing,Medium-term,Strategic Decision,Efficiency Gain,finance;culture;client;data
CNT_219,People & Culture,Training;Performance,Confluence,Report,Presentation,Data Office,Press & Media,Employee Engagement,Client Dashboard — Edition 5,Tableau de Bord Clients — Edition 5,Client Dashboard | Tableau de Bord Clie,4.3,French,Spanish,Active,2021-11-29,2023-10-10,2025-03-25,2026-03-24,"This content covers people & culture for risk officers. It provides key insights, guidelines and best practices to support decision making and communication.",Client Relationship;Strategic Planning;Digital Initiative,Board;Risk Officers,Restricted,Annual,culture;transformation,No,No,https://intranet.bnpparibas.com/content/219,Board Meeting,,Africa;LATAM,BNP Paribas SA;BNP Paribas CIB,Long-term,,Efficiency Gain,ESG;digital;innovation;transformation
CNT_220,Digital Transformation,AI & ML;API Strategy,SharePoint,Communication,Infographic,Reporting,People Analytics,Recruitment,Business Continuity Plan — Edition 5,Plan de Continuité d'Activité — Edition 5,Business Continuity  | Plan de Continuité d,1.1,English,,Approved,2020-03-09,2023-10-12,2024-08-31,2026-08-31,"This content covers digital transformation for all employees. It provides key insights, guidelines and best practices to support decision making and compliance.",Communication;Training;HR Process,Board,Internal,Annual,risk;digital;compliance;sustainability,No,Yes,https://confluence.bnpparibas.com/pages/220,,CIO;COO,Benelux,BNP Paribas Leasing;Cetelem;Hello bank!,Multi-year,Technology Evolution,Risk Mitigation,governance;transformation
CNT_221,Digital Transformation,API Strategy,Teams,Training,Document,Press & Media,Press & Media,IT Operations,Risk Committee Summary — Edition 5,Synthèse Comité des Risques — Edition 5,Risk Committee Summa | Synthèse Comité des ,2.0,English,,Under Review,2023-03-02,2023-11-20,2024-09-20,2026-03-23,"This content covers digital transformation for all employees. It provides key insights, guidelines and best practices to support decision making and strategy.",Communication;Training,All Employees;Executive Committee;Risk Officers,Public,Annual,transformation;client,Yes,Yes,,ESG Summit,,LATAM;France,Nickel;Floa;BNP Paribas CIB,Short-term,Audit Finding,,ESG;risk;governance
CNT_222,Digital Transformation,Cloud;AI & ML,SharePoint,Campaign,Presentation,Strategy,People Analytics,Data Office,Sustainability Report — Edition 5,Rapport Développement Durable — Edition 5,Sustainability Repor | Rapport Développemen,5.2,English,French,Archived,2022-10-13,2024-01-29,2024-06-16,2025-07-01,"This content covers digital transformation for risk officers. It provides key insights, guidelines and best practices to support decision making and compliance.",Digital Initiative,Regulators;Board,Internal,Annual,compliance;digital;data;innovation,Yes,No,https://sharepoint.bnpparibas.com/sites/222,Regulatory Deadline,Chief Risk Officer;CDO,LATAM,Arval;Nickel,Medium-term,Technology Evolution,Risk Mitigation,risk;strategy;sustainability;ESG
CNT_223,Compliance,KYC,Internal Only;Intranet,Dashboard,Post,People Analytics,People Analytics,Social Media,Data Governance Manual — Edition 5,Manuel Gouvernance des Données — Edition 5,Data Governance Manu | Manuel Gouvernance d,3.0,French,Italian,Approved,2020-10-21,2023-04-02,2025-04-06,2026-10-18,"This content covers compliance for executive committee. It provides key insights, guidelines and best practices to support decision making and strategy.",Client Relationship,All Employees;Managers;Regulators,Public,Ad hoc,innovation;digital;ESG,Yes,Yes,,Audit Committee,,Global;Americas,Arval,Immediate,,Compliance,digital;AI;ESG;finance
CNT_224,ESG,Green Finance;Governance,Confluence;SharePoint,Training,Email,Reporting,IT Operations,Strategy,EXCO Strategy Presentation — Edition 5,Présentation COMEX Stratégie — Edition 5,EXCO Strategy Presen | Présentation COMEX S,5.1,English,,Under Review,2022-02-22,2023-06-15,2025-01-22,2026-10-13,"This content covers esg for executive committee. It provides key insights, guidelines and best practices to support decision making and strategy.",Data Management;Digital Initiative;HR Process,Executive Committee;Risk Officers,Internal,Weekly,reporting;transformation,,No,https://confluence.bnpparibas.com/pages/224,,Head of Comms;CFO,APAC,BNP Paribas Leasing;Hello bank!,Short-term,Internal Initiative,Revenue Growth,compliance;data;sustainability
CNT_225,Client Experience,Digital Journey,Intranet;Social Media,Newsletter,Document,Press & Media,Regulatory Affairs,Employee Engagement,Regulatory Reporting Guide — Edition 5,Guide de Reporting Réglementaire — Edition 5,Regulatory Reporting | Guide de Reporting R,3.3,English,Italian;Spanish;French,Active,2023-05-09,2023-03-27,2024-05-27,2025-12-28,"This content covers client experience for all employees. It provides key insights, guidelines and best practices to support decision making and communication.",Regulatory Reporting,Regulators;Board,Public,Ad hoc,risk;ESG;data,In Progress,Yes,https://intranet.bnpparibas.com/content/225,Annual Results,,France;LATAM,Arval;BNP Paribas SA,Medium-term,,Process Improvement,transformation;finance;client;data
CNT_226,People & Culture,Training;Well-being,Internal Only;Mass Mailing,Report,Document,People Analytics,Finance,Employee Engagement,GenAI Adoption Playbook — Edition 5,Playbook Adoption GenAI — Edition 5,GenAI Adoption Playb | Playbook Adoption Ge,2.1,French,German,Under Review,2020-05-08,2023-04-04,2024-10-14,2025-08-17,"This content covers people & culture for regulators. It provides key insights, guidelines and best practices to support decision making and communication.",Regulatory Reporting;Risk Control,Regulators;Risk Officers;Managers,Confidential,One-time,client;governance;ESG;sustainability;transformation,No,Yes,https://sharepoint.bnpparibas.com/sites/226,Annual Results,,LATAM;Global,Nickel,,,Better UX,compliance;data;ESG;client
CNT_227,People & Culture,Leadership,Mass Mailing,Dashboard,Dashboard,Data Office,Social Media,IT Operations,Employee Engagement Survey — Edition 5,Enquête Engagement Collaborateurs — Edition 5,Employee Engagement  | Enquête Engagement C,5.0,English,,Published,2021-01-30,2023-06-17,2024-07-15,2025-12-13,"This content covers people & culture for regulators. It provides key insights, guidelines and best practices to support decision making and operations.",Risk Control,Managers;Clients,Public,Weekly,digital;reporting,,Yes,,,,APAC,BNP Paribas CIB;Nickel,Medium-term,Audit Finding,Compliance,ESG;compliance;culture;data
CNT_228,Risk Management,Conduct Risk,Mass Mailing,Communication,Email,Social Media,Finance,Data Office,Climate Risk Assessment — Edition 5,Évaluation Risque Climatique — Edition 5,Climate Risk Assessm | Évaluation Risque Cl,5.1,French,,Archived,2022-09-06,2024-07-09,2024-06-24,2025-06-18,"This content covers risk management for executive committee. It provides key insights, guidelines and best practices to support decision making and compliance.",Digital Initiative;Training;Risk Control,Managers;Regulators,Confidential,Ad hoc,governance;finance;AI;digital;innovation,In Progress,No,https://sharepoint.bnpparibas.com/sites/228,Board Meeting,COO,Benelux;Africa,Floa,Medium-term,,Cost Reduction,ESG;innovation;reporting;culture
CNT_229,ESG,Governance;Social Impact,Social Media,Reference Document,Presentation,Reporting,Recruitment,Reporting,Digital Transformation Bulletin — Edition 5,Bulletin Transformation Digitale — Edition 5,Digital Transformati | Bulletin Transformat,4.3,English,Spanish,Published,2022-02-27,2023-02-19,2024-04-19,2026-11-12,"This content covers esg for partners. It provides key insights, guidelines and best practices to support decision making and operations.",Regulatory Reporting;Digital Initiative,Regulators;Clients;Partners,Public,Weekly,governance;AI;sustainability,,No,,Regulatory Deadline,,APAC;LATAM,BNP Paribas CIB;Arval;BNP Paribas Cardif,Short-term,Technology Evolution,,culture;strategy;AI
CNT_230,Client Experience,Onboarding;Digital Journey,Internal Only,Reference Document,Podcast,Finance,Henri Dupont,Reporting,Compliance E-Learning Module — Edition 5,Module E-Learning Conformité — Edition 5,Compliance E-Learnin | Module E-Learning Co,2.0,French,Italian,Under Review,2020-03-19,2023-08-14,2024-12-15,2026-07-30,"This content covers client experience for partners. It provides key insights, guidelines and best practices to support decision making and operations.",Regulatory Reporting;Training,Clients,Confidential,One-time,ESG;governance;culture;compliance,,No,,Digital Day,,Europe,Floa;BNP Paribas SA,Long-term,Strategic Decision,Revenue Growth,innovation;transformation
CNT_231,Finance,Audit,Mass Mailing,Training,Presentation,Reporting,Recruitment,Legal Counsel,API Management Policy — Edition 5,Politique Gestion des API — Edition 5,API Management Polic | Politique Gestion de,2.3,English,English;German,Draft,2020-01-11,2024-05-29,2025-02-26,2025-11-27,"This content covers finance for managers. It provides key insights, guidelines and best practices to support decision making and communication.",HR Process;Risk Control,All Employees;Regulators;Executive Committee,Internal,Quarterly,governance;innovation,Yes,Yes,https://intranet.bnpparibas.com/content/231,Annual Results,,Africa,Floa,Long-term,Internal Initiative,Risk Mitigation,culture;compliance;finance
CNT_232,Digital Transformation,API Strategy;Automation,Confluence,Newsletter,Podcast,Regulatory Affairs,IT Operations,Recruitment,Diversity Report — Edition 5,Rapport Diversité — Edition 5,Diversity Report | Rapport Diversité,1.2,English,Portuguese;Spanish,Draft,2023-02-03,2024-09-25,2024-09-16,2025-07-24,"This content covers digital transformation for regulators. It provides key insights, guidelines and best practices to support decision making and operations.",Client Relationship;Communication,Partners;Clients,Restricted,Weekly,ESG;data;governance;reporting,,Yes,https://confluence.bnpparibas.com/pages/232,Regulatory Deadline,,Global,Floa,Multi-year,Internal Initiative,Cost Reduction,transformation;sustainability;finance
CNT_233,Compliance,Sanctions,Confluence;SharePoint,Press Release,Podcast,Social Media,Henri Dupont,Employee Engagement,Customer Journey Mapping — Edition 5,Cartographie Parcours Client — Edition 5,Customer Journey Map | Cartographie Parcour,4.0,English,,Active,2021-05-31,2023-06-14,2024-01-19,2026-05-06,"This content covers compliance for all employees. It provides key insights, guidelines and best practices to support decision making and strategy.",Digital Initiative;Training,Partners,Public,Weekly,AI;finance;governance,Yes,Yes,https://intranet.bnpparibas.com/content/233,Product Launch,COO,LATAM,Arval;Hello bank!,Multi-year,Regulatory Change,Compliance,AI;sustainability;strategy
CNT_234,People & Culture,Performance;Leadership,Intranet;Teams,Press Release,Presentation,Legal Counsel,Reporting,Regulatory Affairs,Treasury Risk Policy — Edition 5,Politique Risque de Trésorerie — Edition 5,Treasury Risk Policy | Politique Risque de ,3.0,French,French;German,Active,2022-11-06,2024-11-29,2024-07-15,2026-12-20,"This content covers people & culture for board. It provides key insights, guidelines and best practices to support decision making and strategy.",Communication;HR Process,All Employees,Public,Annual,digital;sustainability;compliance;data,In Progress,Yes,https://confluence.bnpparibas.com/pages/234,,CRO,France;Global,BNP Paribas Cardif,Immediate,Technology Evolution,Cost Reduction,digital;AI;governance;transformation
CNT_235,Digital Transformation,AI & ML;DevOps,SharePoint,Campaign,Podcast,IT Operations,Recruitment,Regulatory Affairs,Market Risk Framework — Edition 5,Cadre Risque de Marché — Edition 5,Market Risk Framewor | Cadre Risque de Marc,3.2,French,Portuguese;Spanish;German,Draft,2020-02-14,2025-02-07,2025-03-05,2025-11-04,"This content covers digital transformation for risk officers. It provides key insights, guidelines and best practices to support decision making and operations.",Data Management;Regulatory Reporting;Audit,All Employees;Managers;Clients,Internal,Monthly,strategy;reporting;risk;ESG,,No,https://intranet.bnpparibas.com/content/235,ESG Summit,CEO;CIO,Europe,BNP Paribas Leasing,Long-term,Client Request,Process Improvement,AI;finance;reporting;innovation
CNT_236,Innovation,Lab Projects,SharePoint,Newsletter,Document,Employee Engagement,Henri Dupont,Legal Counsel,Conduct Risk Guidelines — Edition 5,Lignes Directrices Risque de Conduite — Edition 5,Conduct Risk Guideli | Lignes Directrices R,5.0,English,Spanish;Portuguese,Under Review,2021-12-27,2024-05-27,2024-01-17,2026-12-05,"This content covers innovation for board. It provides key insights, guidelines and best practices to support decision making and compliance.",Audit;Digital Initiative;Regulatory Reporting,Regulators,Public,Quarterly,finance;governance;ESG,Yes,No,https://intranet.bnpparibas.com/content/236,Townhall,CHRO;CEO,Middle East;France,BNP Paribas Cardif;BNP Paribas SA;BNP Paribas Leasing,Short-term,Technology Evolution,,risk;governance;sustainability;culture
CNT_237,ESG,Social Impact;Governance,Confluence;Mass Mailing,Report,Presentation,Regulatory Affairs,Strategy,Data Office,Credit Risk Policy Update — Edition 5,Mise à Jour Politique Risque Crédit — Edition 5,Credit Risk Policy U | Mise à Jour Politiqu,1.2,English,Italian;French,Archived,2022-09-24,2024-09-30,2025-04-20,2025-06-07,"This content covers esg for board. It provides key insights, guidelines and best practices to support decision making and compliance.",Training;Data Management;Client Relationship,Partners;All Employees,Internal,Annual,governance;risk,,Yes,,,CIO;COO,Middle East,Nickel,Multi-year,,Better UX,sustainability;finance;strategy
CNT_238,Digital Transformation,Cloud;DevOps,SharePoint,Newsletter,Video,Press & Media,Finance,IT Operations,FinCrime Prevention Guide — Edition 5,Guide Prévention Criminalité Financière — Edition 5,FinCrime Prevention  | Guide Prévention Cri,5.3,English,,Draft,2023-04-20,2023-04-18,2024-04-30,2025-06-06,"This content covers digital transformation for managers. It provides key insights, guidelines and best practices to support decision making and operations.",Training,Risk Officers;Clients,Internal,Weekly,digital;governance;culture,In Progress,Yes,https://sharepoint.bnpparibas.com/sites/238,ESG Summit,,Global;LATAM,Nickel,,Audit Finding,Cost Reduction,data;reporting;culture
CNT_239,Compliance,KYC,Internal Only;Mass Mailing,Newsletter,Presentation,Finance,Employee Engagement,IT Operations,Data Mesh Architecture — Edition 5,Architecture Data Mesh — Edition 5,Data Mesh Architectu | Architecture Data Me,1.0,English,,Active,2021-08-20,2024-01-25,2025-04-30,2025-06-04,"This content covers compliance for board. It provides key insights, guidelines and best practices to support decision making and compliance.",Regulatory Reporting;Training,Clients,Restricted,One-time,culture;AI;reporting;digital;finance,No,Yes,https://confluence.bnpparibas.com/pages/239,Product Launch,Business Line Head;COO,Benelux;APAC,BNP Paribas CIB,Short-term,Strategic Decision,,culture;client;strategy;reporting
CNT_240,Client Experience,CRM;Onboarding,Social Media;Intranet,Reference Document,Post,Data Office,IT Operations,Social Media,ESG Scorecard — Edition 5,Tableau de Bord ESG — Edition 5,ESG Scorecard | Tableau de Bord ESG,4.2,French,French;English,Under Review,2021-08-21,2024-06-17,2025-03-03,2025-07-21,"This content covers client experience for executive committee. It provides key insights, guidelines and best practices to support decision making and strategy.",Digital Initiative;Data Management;Strategic Planning,All Employees;Managers;Board,Confidential,Weekly,culture;compliance,No,Yes,https://sharepoint.bnpparibas.com/sites/240,Annual Results,Head of Comms;CEO;CDO,Africa;Benelux,Arval;Nickel;BNP Paribas CIB,Short-term,Client Request,Cost Reduction,compliance;innovation;AI;ESG
CNT_241,Innovation,Lab Projects;Fintech,Corporate Website,Report,Infographic,Legal Counsel,Social Media,Regulatory Affairs,HR Digital Transformation — Edition 5,Transformation RH Digitale — Edition 5,HR Digital Transform | Transformation RH Di,3.0,English,French;English,Active,2020-02-18,2024-11-19,2024-12-15,2026-10-04,"This content covers innovation for all employees. It provides key insights, guidelines and best practices to support decision making and compliance.",Regulatory Reporting;Training,Managers,Internal,Quarterly,AI;culture;compliance;innovation;data,,No,,,CIO,Africa,Arval,Immediate,,Risk Mitigation,governance;compliance;transformation;strategy
CNT_242,People & Culture,Performance,Mass Mailing;SharePoint,Press Release,Podcast,Data Office,Strategy,Regulatory Affairs,Procurement Policy Renewal — Edition 5,Renouvellement Politique Achats — Edition 5,Procurement Policy R | Renouvellement Polit,5.0,English,French,Under Review,2021-01-14,2024-08-30,2024-05-13,2026-01-16,"This content covers people & culture for executive committee. It provides key insights, guidelines and best practices to support decision making and strategy.",Data Management;Strategic Planning,Risk Officers,Internal,Annual,data;AI,,Yes,,Audit Committee,,France,BNP Paribas Cardif;Hello bank!;Cetelem,Immediate,Technology Evolution,Efficiency Gain,AI;digital;data;innovation
CNT_243,People & Culture,Performance;Onboarding,Intranet,Report,Article,Social Media,People Analytics,People Analytics,CRM Migration Guide — Edition 5,Guide Migration CRM — Edition 5,CRM Migration Guide | Guide Migration CRM,5.1,English,Portuguese,Archived,2022-07-31,2024-09-22,2024-09-16,2026-05-12,"This content covers people & culture for executive committee. It provides key insights, guidelines and best practices to support decision making and operations.",Data Management;HR Process,Regulators,Restricted,One-time,compliance;AI;innovation;ESG,,No,https://intranet.bnpparibas.com/content/243,Digital Day,,Middle East,BNP Paribas Leasing;Hello bank!,Medium-term,,Cost Reduction,transformation;ESG;strategy
CNT_244,Innovation,Hackathon;Fintech,Internal Only,Report,Dashboard,Employee Engagement,People Analytics,Strategy,Operational Excellence Plan — Edition 5,Plan Excellence Opérationnelle — Edition 5,Operational Excellen | Plan Excellence Opér,5.1,French,,Archived,2020-10-01,2023-05-14,2025-01-21,2026-08-08,"This content covers innovation for all employees. It provides key insights, guidelines and best practices to support decision making and strategy.",Client Relationship;Strategic Planning,Clients;Board;Managers,Confidential,Quarterly,governance;culture;digital;risk;AI,,Yes,,Annual Results,,Middle East;APAC,Hello bank!,Short-term,,Risk Mitigation,innovation;data
CNT_245,Compliance,MiFID II;KYC,Social Media;SharePoint,Training,FAQ,Legal Counsel,Regulatory Affairs,Finance,Brand Guidelines Update — Edition 5,Mise à Jour Charte Marque — Edition 5,Brand Guidelines Upd | Mise à Jour Charte M,2.3,French,,Draft,2022-07-08,2023-01-14,2025-04-09,2026-03-15,"This content covers compliance for board. It provides key insights, guidelines and best practices to support decision making and operations.",Audit;Training;Regulatory Reporting,All Employees,Public,One-time,sustainability;data;AI;strategy,In Progress,No,,,,Benelux,BNP Paribas SA,Medium-term,Regulatory Change,,reporting;risk;strategy
CNT_246,Operations,Process;Continuity,SharePoint;Corporate Website,Press Release,FAQ,Reporting,Employee Engagement,Strategy,Social Media Policy — Edition 5,Politique Réseaux Sociaux — Edition 5,Social Media Policy | Politique Réseaux So,1.0,English,Italian,Published,2021-11-09,2023-01-08,2024-07-04,2026-07-15,"This content covers operations for managers. It provides key insights, guidelines and best practices to support decision making and communication.",Strategic Planning;Risk Control;Client Relationship,Managers,Restricted,Monthly,risk;culture;AI;finance,No,No,https://confluence.bnpparibas.com/pages/246,Audit Committee,CDO,APAC,Hello bank!;BNP Paribas Cardif,,Strategic Decision,Better UX,transformation;strategy;data
CNT_247,Data & AI,Data Governance;ML Ops,SharePoint;Confluence,Training,Email,Legal Counsel,Social Media,Regulatory Affairs,Talent Acquisition Strategy — Edition 5,Stratégie Acquisition Talents — Edition 5,Talent Acquisition S | Stratégie Acquisitio,4.3,French,Portuguese,Approved,2022-07-06,2023-06-08,2024-05-29,2025-06-23,"This content covers data & ai for board. It provides key insights, guidelines and best practices to support decision making and operations.",Digital Initiative;Strategic Planning;Communication,Clients,Confidential,Ad hoc,risk;AI;finance;culture;sustainability,In Progress,Yes,https://confluence.bnpparibas.com/pages/247,Townhall,CRO,France,Cetelem;BNP Paribas Cardif;Hello bank!,Immediate,Regulatory Change,Revenue Growth,culture;reporting;AI
CNT_248,Digital Transformation,Cybersecurity,Mass Mailing,Communication,Email,Reporting,Data Office,People Analytics,Innovation Lab Report — Edition 5,Rapport Lab Innovation — Edition 5,Innovation Lab Repor | Rapport Lab Innovati,4.2,French,,Archived,2020-11-03,2024-10-10,2024-08-25,2026-04-08,"This content covers digital transformation for executive committee. It provides key insights, guidelines and best practices to support decision making and operations.",Training,Risk Officers,Restricted,Annual,ESG;innovation;data;reporting,No,Yes,https://sharepoint.bnpparibas.com/sites/248,,Business Line Head,APAC;Americas,BNP Paribas CIB,,Client Request,Efficiency Gain,compliance;innovation;data
CNT_249,Risk Management,Operational Risk,Teams,Press Release,Infographic,Finance,Data Office,Legal Counsel,Cybersecurity Awareness Campaign — Edition 5,Campagne Sensibilisation Cybersécurité — Edition 5,Cybersecurity Awaren | Campagne Sensibilisa,3.3,French,,Archived,2022-03-31,2023-01-07,2024-07-08,2026-06-25,"This content covers risk management for board. It provides key insights, guidelines and best practices to support decision making and compliance.",Communication,Partners;Clients;Managers,Confidential,Monthly,culture;digital;governance;reporting;finance,No,No,,ESG Summit,Chief Risk Officer,APAC,Floa,Short-term,Audit Finding,,digital;AI
CNT_250,Compliance,Sanctions,SharePoint;Social Media,Campaign,Dashboard,Press & Media,Recruitment,People Analytics,Financial Crime Alert — Edition 5,Alerte Criminalité Financière — Edition 5,Financial Crime Aler | Alerte Criminalité F,1.3,English,English,Draft,2021-06-30,2024-06-04,2024-12-16,2026-07-09,"This content covers compliance for partners. It provides key insights, guidelines and best practices to support decision making and operations.",HR Process;Training,Clients;Executive Committee;Board,Public,One-time,client;sustainability;strategy,No,No,https://sharepoint.bnpparibas.com/sites/250,Board Meeting,,Americas,Cetelem,Short-term,Regulatory Change,Compliance,client;strategy
CNT_251,Operations,Continuity;Facilities,Teams,Campaign,Infographic,Employee Engagement,Employee Engagement,Reporting,Data Governance Comms Plan — Edition 6,Plan de Communication Data Governance — Edition 6,Data Governance Comm | Plan de Communicatio,5.2,English,Portuguese;Italian,Under Review,2021-07-21,2023-06-17,2024-09-20,2026-01-20,"This content covers operations for executive committee. It provides key insights, guidelines and best practices to support decision making and operations.",Communication;Client Relationship;Training,Risk Officers;All Employees;Managers,Internal,Ad hoc,sustainability;culture;client;data,No,Yes,https://intranet.bnpparibas.com/content/251,Townhall,COO,Benelux,BNP Paribas Cardif;Nickel;Arval,Multi-year,Audit Finding,,compliance;sustainability
CNT_252,Compliance,KYC,SharePoint,Press Release,Dashboard,Finance,Finance,Data Office,2024 ESG Annual Report — Edition 6,Rapport Annuel ESG 2024 — Edition 6,2024 ESG Annual Repo | Rapport Annuel ESG 2,1.0,English,French;Portuguese,Active,2023-04-30,2024-01-12,2025-01-28,2026-05-29,"This content covers compliance for all employees. It provides key insights, guidelines and best practices to support decision making and strategy.",Data Management;Regulatory Reporting,Regulators;Executive Committee;Clients,Public,One-time,digital;governance;sustainability,Yes,No,,,,LATAM,BNP Paribas Leasing,Multi-year,Market Evolution,Process Improvement,ESG;finance
CNT_253,People & Culture,Performance;Onboarding,Internal Only,Reference Document,Email,People Analytics,Data Office,Legal Counsel,Monthly HR Newsletter — Edition 6,Newsletter Mensuelle RH — Edition 6,Monthly HR Newslette | Newsletter Mensuelle,1.3,French,Portuguese;Spanish;French,Active,2021-11-09,2023-07-05,2024-04-30,2026-09-30,"This content covers people & culture for regulators. It provides key insights, guidelines and best practices to support decision making and operations.",Regulatory Reporting;Risk Control;Training,Board;Managers;Risk Officers,Internal,Monthly,transformation;risk;innovation,No,Yes,,,,APAC;Africa,Cetelem,Short-term,,Better UX,compliance;sustainability;strategy
CNT_254,Digital Transformation,Cloud;DevOps,Intranet,Campaign,Email,Regulatory Affairs,Recruitment,Data Office,GDPR Compliance Guide — Edition 6,Guide de Conformité RGPD — Edition 6,GDPR Compliance Guid | Guide de Conformité ,3.1,English,,Archived,2020-03-31,2023-03-29,2024-06-29,2025-07-11,"This content covers digital transformation for board. It provides key insights, guidelines and best practices to support decision making and compliance.",Audit;Client Relationship;HR Process,Partners;All Employees;Managers,Internal,Quarterly,client;finance;sustainability;risk;digital,,No,,,CEO,Americas;Benelux,Hello bank!;BNP Paribas CIB,,Regulatory Change,Better UX,transformation;finance
CNT_255,People & Culture,Leadership;Performance,Mass Mailing,Training,Video,Press & Media,People Analytics,Finance,Operational Risk Dashboard — Edition 6,Dashboard Risques Opérationnels — Edition 6,Operational Risk Das | Dashboard Risques Op,3.1,French,,Published,2021-08-18,2024-02-23,2024-09-10,2026-05-17,"This content covers people & culture for clients. It provides key insights, guidelines and best practices to support decision making and operations.",HR Process;Data Management,Clients;Partners;All Employees,Confidential,Annual,innovation;culture;data;digital;compliance,,No,https://intranet.bnpparibas.com/content/255,,,APAC,Hello bank!;Arval,Immediate,Audit Finding,Risk Mitigation,client;strategy;innovation;finance
CNT_256,People & Culture,Leadership,Internal Only,Newsletter,Video,IT Operations,Strategy,Recruitment,Data Quality Policy — Edition 6,Politique Data Quality — Edition 6,Data Quality Policy | Politique Data Quali,5.0,English,German;French,Draft,2021-07-19,2023-05-07,2024-09-09,2025-10-03,"This content covers people & culture for clients. It provides key insights, guidelines and best practices to support decision making and operations.",Risk Control;Digital Initiative;Regulatory Reporting,Partners;Regulators,Public,One-time,data;strategy,In Progress,No,,Annual Results,,LATAM,Floa;BNP Paribas Leasing,Long-term,Client Request,Risk Mitigation,risk;compliance;finance
CNT_257,ESG,Diversity & Inclusion;Social Impact,Social Media;Teams,Dashboard,Article,Reporting,Recruitment,Data Office,Q3 Performance Report — Edition 6,Rapport de Performance Q3 — Edition 6,Q3 Performance Repor | Rapport de Performan,3.3,English,,Approved,2021-07-07,2025-03-28,2024-06-04,2026-09-28,"This content covers esg for partners. It provides key insights, guidelines and best practices to support decision making and communication.",HR Process;Digital Initiative;Strategic Planning,Managers;Clients,Public,One-time,finance;digital;data;reporting,In Progress,Yes,https://sharepoint.bnpparibas.com/sites/257,ESG Summit,CEO,Global,Nickel,Long-term,Market Evolution,Risk Mitigation,data;finance;risk
CNT_258,Innovation,Fintech,SharePoint,Dashboard,FAQ,Press & Media,Reporting,Employee Engagement,Responsible AI Charter — Edition 6,Charte IA Responsable — Edition 6,Responsible AI Chart | Charte IA Responsabl,2.0,French,,Under Review,2022-10-16,2023-12-19,2025-01-21,2026-01-02,"This content covers innovation for managers. It provides key insights, guidelines and best practices to support decision making and compliance.",Regulatory Reporting,Regulators,Restricted,Weekly,risk;strategy;compliance;transformation;client,In Progress,Yes,,Digital Day,,LATAM,BNP Paribas SA,Short-term,Audit Finding,Process Improvement,transformation;AI;finance
CNT_259,Finance,Budget;Treasury,Social Media;Teams,Press Release,Document,Social Media,Henri Dupont,People Analytics,Cybersecurity Training Plan — Edition 6,Plan de Formation Cybersécurité — Edition 6,Cybersecurity Traini | Plan de Formation Cy,2.2,French,Italian,Active,2021-02-11,2023-02-05,2024-10-14,2025-10-10,"This content covers finance for managers. It provides key insights, guidelines and best practices to support decision making and strategy.",Client Relationship;Digital Initiative,Regulators;Executive Committee;Partners,Confidential,Annual,transformation;ESG;culture;client;reporting,No,No,,Townhall,CRO,Europe;France,Hello bank!;BNP Paribas Cardif;BNP Paribas Leasing,Multi-year,Internal Initiative,Compliance,culture;risk;ESG
CNT_260,Client Experience,Satisfaction;Digital Journey,Internal Only,Campaign,Email,Reporting,Data Office,Recruitment,Regulatory Watch Bulletin — Edition 6,Bulletin de Veille Réglementaire — Edition 6,Regulatory Watch Bul | Bulletin de Veille R,3.1,French,Spanish;Italian;French,Approved,2021-07-19,2025-02-18,2024-06-27,2026-02-15,"This content covers client experience for executive committee. It provides key insights, guidelines and best practices to support decision making and communication.",Regulatory Reporting;Digital Initiative,Risk Officers;Executive Committee;All Employees,Internal,Ad hoc,governance;transformation;culture;compliance;reporting,Yes,No,,Townhall,CEO,Global;Americas,Arval;Hello bank!,Multi-year,Client Request,,ESG;finance;data;digital
CNT_261,ESG,Carbon Footprint;Diversity & Inclusion,Social Media,Campaign,Presentation,Employee Engagement,IT Operations,Employee Engagement,Cloud Strategy 2025 — Edition 6,Stratégie Cloud 2025 — Edition 6,Cloud Strategy 2025 | Stratégie Cloud 2025,2.3,English,,Approved,2022-12-12,2024-07-13,2024-09-15,2025-12-01,"This content covers esg for partners. It provides key insights, guidelines and best practices to support decision making and strategy.",HR Process;Training,Clients;All Employees,Internal,Quarterly,transformation;risk;AI,Yes,Yes,https://confluence.bnpparibas.com/pages/261,Townhall,CHRO;Head of Comms,France;Benelux,Cetelem;BNP Paribas Cardif,Multi-year,Client Request,Revenue Growth,governance;ESG;finance;sustainability
CNT_262,Finance,P&L,Corporate Website,Newsletter,Dashboard,Data Office,Regulatory Affairs,Press & Media,Annual Social Balance Sheet — Edition 6,Bilan Social Annuel — Edition 6,Annual Social Balanc | Bilan Social Annuel,4.2,French,German;English,Active,2022-07-26,2023-03-03,2025-03-24,2025-10-06,"This content covers finance for executive committee. It provides key insights, guidelines and best practices to support decision making and communication.",Digital Initiative;Training;Strategic Planning,Regulators,Internal,Monthly,data;strategy,,Yes,,,CRO,France,BNP Paribas Cardif;BNP Paribas SA;BNP Paribas CIB,Short-term,,,governance;compliance
CNT_263,People & Culture,Onboarding,Social Media;SharePoint,Communication,Presentation,Press & Media,Strategy,Recruitment,Innovation Framing Note — Edition 6,Note de Cadrage Innovation — Edition 6,Innovation Framing N | Note de Cadrage Inno,5.0,English,Portuguese;French;Italian,Approved,2022-02-02,2023-08-31,2024-04-01,2025-06-21,"This content covers people & culture for managers. It provides key insights, guidelines and best practices to support decision making and strategy.",Data Management;Digital Initiative,Managers;All Employees,Internal,Quarterly,data;ESG;risk;compliance;governance,,Yes,,,CEO,France,BNP Paribas Leasing;Cetelem,,Market Evolution,Revenue Growth,risk;digital
CNT_264,Risk Management,Operational Risk;Conduct Risk,Internal Only,Report,Dashboard,Press & Media,Recruitment,IT Operations,Enhanced KYC Procedure — Edition 6,Procédure KYC Renforcée — Edition 6,Enhanced KYC Procedu | Procédure KYC Renfor,2.1,French,German,Draft,2022-07-04,2023-11-01,2024-08-15,2026-02-08,"This content covers risk management for all employees. It provides key insights, guidelines and best practices to support decision making and strategy.",Risk Control,All Employees;Managers,Internal,Quarterly,culture;innovation;risk;digital;transformation,In Progress,No,,,COO,France;Africa,Hello bank!;BNP Paribas Leasing;BNP Paribas Cardif,Short-term,Strategic Decision,Compliance,ESG;AI
CNT_265,Client Experience,Satisfaction,SharePoint,Training,Email,Strategy,Regulatory Affairs,Strategy,Internal Audit Report — Edition 6,Rapport Audit Interne — Edition 6,Internal Audit Repor | Rapport Audit Intern,3.3,English,Italian;English,Archived,2021-09-02,2024-04-22,2024-11-25,2026-05-12,"This content covers client experience for regulators. It provides key insights, guidelines and best practices to support decision making and communication.",Strategic Planning,Regulators;Managers;Partners,Public,Ad hoc,AI;sustainability;risk,Yes,No,https://confluence.bnpparibas.com/pages/265,Annual Results,,LATAM;Africa,BNP Paribas CIB;Cetelem,Long-term,,Better UX,sustainability;compliance;innovation
CNT_266,Innovation,Hackathon,Mass Mailing;Internal Only,Training,Document,Press & Media,Regulatory Affairs,Recruitment,Digital Roadmap — Edition 6,Feuille de Route Digital — Edition 6,Digital Roadmap | Feuille de Route Dig,2.1,French,Spanish;Italian,Active,2023-01-07,2025-01-26,2025-01-27,2025-07-11,"This content covers innovation for board. It provides key insights, guidelines and best practices to support decision making and communication.",Digital Initiative,Partners;All Employees;Executive Committee,Restricted,Quarterly,transformation;digital;data;innovation,In Progress,No,,,,Americas,BNP Paribas SA;BNP Paribas Cardif;Arval,Immediate,Regulatory Change,Better UX,risk;AI
CNT_267,ESG,Green Finance;Social Impact,Teams,Reference Document,Article,IT Operations,Data Office,Employee Engagement,Annual Results Communication — Edition 6,Communication Résultats Annuels — Edition 6,Annual Results Commu | Communication Résult,2.0,English,Spanish;French,Published,2020-10-10,2024-12-09,2024-12-25,2025-09-09,"This content covers esg for partners. It provides key insights, guidelines and best practices to support decision making and compliance.",Digital Initiative;Strategic Planning,Clients;Regulators,Restricted,Quarterly,governance;data;transformation;sustainability;finance,,Yes,https://sharepoint.bnpparibas.com/sites/267,Regulatory Deadline,,France,BNP Paribas CIB,Long-term,Regulatory Change,,client;risk
CNT_268,People & Culture,Training;Performance,Corporate Website,Training,Podcast,People Analytics,Employee Engagement,Employee Engagement,Manager Onboarding Guide — Edition 6,Guide Onboarding Manager — Edition 6,Manager Onboarding G | Guide Onboarding Man,2.3,English,French;English,Published,2021-02-12,2024-06-05,2024-03-30,2026-10-16,"This content covers people & culture for managers. It provides key insights, guidelines and best practices to support decision making and compliance.",HR Process;Risk Control;Client Relationship,Managers;Clients,Public,Ad hoc,sustainability;strategy;compliance;risk,Yes,Yes,https://intranet.bnpparibas.com/content/268,ESG Summit,,Global;Africa,BNP Paribas Cardif,Medium-term,,,finance;ESG;client
CNT_269,Client Experience,Digital Journey;CRM,Internal Only;SharePoint,Dashboard,Document,Social Media,Social Media,Press & Media,Client Dashboard — Edition 6,Tableau de Bord Clients — Edition 6,Client Dashboard | Tableau de Bord Clie,3.0,French,,Draft,2022-02-17,2024-03-28,2024-09-11,2026-11-13,"This content covers client experience for board. It provides key insights, guidelines and best practices to support decision making and communication.",Communication,Clients;Executive Committee,Public,Quarterly,sustainability;data;reporting;innovation;risk,Yes,Yes,,Annual Results,CIO;CRO,Global;Americas,BNP Paribas Cardif;Arval;Hello bank!,Short-term,Internal Initiative,Better UX,AI;governance;culture
CNT_270,Risk Management,Operational Risk;Credit Risk,Intranet;Confluence,Communication,Infographic,Data Office,Press & Media,Reporting,Business Continuity Plan — Edition 6,Plan de Continuité d'Activité — Edition 6,Business Continuity  | Plan de Continuité d,4.0,English,,Published,2020-01-19,2024-07-19,2025-03-05,2026-07-01,"This content covers risk management for executive committee. It provides key insights, guidelines and best practices to support decision making and compliance.",Regulatory Reporting;Audit,Risk Officers;Board,Public,Annual,risk;innovation;strategy;compliance;finance,In Progress,No,,Board Meeting,,Middle East,Floa,Immediate,Client Request,,transformation;strategy
CNT_271,ESG,Diversity & Inclusion,Intranet;Confluence,Dashboard,FAQ,Social Media,Legal Counsel,Data Office,Risk Committee Summary — Edition 6,Synthèse Comité des Risques — Edition 6,Risk Committee Summa | Synthèse Comité des ,2.2,French,French,Published,2021-12-26,2025-03-17,2024-12-03,2025-06-18,"This content covers esg for clients. It provides key insights, guidelines and best practices to support decision making and strategy.",HR Process;Risk Control;Regulatory Reporting,Executive Committee,Restricted,Ad hoc,data;transformation;finance;innovation;digital,Yes,Yes,https://sharepoint.bnpparibas.com/sites/271,Audit Committee,,LATAM,BNP Paribas SA,,Regulatory Change,Risk Mitigation,governance;client;culture
CNT_272,ESG,Governance,Confluence,Campaign,Email,Press & Media,Recruitment,Regulatory Affairs,Sustainability Report — Edition 6,Rapport Développement Durable — Edition 6,Sustainability Repor | Rapport Développemen,3.1,French,German,Active,2020-04-14,2024-06-12,2024-01-27,2026-09-16,"This content covers esg for partners. It provides key insights, guidelines and best practices to support decision making and compliance.",Risk Control;Digital Initiative,Executive Committee;Risk Officers;All Employees,Internal,Ad hoc,ESG;client;sustainability;data;culture,In Progress,No,,Board Meeting,,Benelux;France,BNP Paribas Leasing,,Internal Initiative,Better UX,digital;AI;culture;finance
CNT_273,Compliance,Sanctions,Internal Only;Corporate Website,Communication,Post,Social Media,Regulatory Affairs,Regulatory Affairs,Data Governance Manual — Edition 6,Manuel Gouvernance des Données — Edition 6,Data Governance Manu | Manuel Gouvernance d,5.0,French,French;Spanish,Published,2020-01-11,2024-10-25,2024-02-08,2025-11-20,"This content covers compliance for risk officers. It provides key insights, guidelines and best practices to support decision making and communication.",HR Process,Managers,Public,One-time,finance;compliance,Yes,Yes,https://confluence.bnpparibas.com/pages/273,ESG Summit,CDO,Europe,BNP Paribas CIB;Floa,Multi-year,,Better UX,compliance;reporting;transformation
CNT_274,Client Experience,Onboarding;CRM,SharePoint;Internal Only,Training,Dashboard,Employee Engagement,Reporting,Employee Engagement,EXCO Strategy Presentation — Edition 6,Présentation COMEX Stratégie — Edition 6,EXCO Strategy Presen | Présentation COMEX S,2.0,French,Portuguese,Active,2021-05-27,2023-12-23,2024-12-08,2026-05-21,"This content covers client experience for risk officers. It provides key insights, guidelines and best practices to support decision making and communication.",Training;Digital Initiative;Regulatory Reporting,Executive Committee;Partners,Public,Weekly,governance;ESG,No,No,https://intranet.bnpparibas.com/content/274,,,France,BNP Paribas Leasing;Nickel,Short-term,Technology Evolution,Cost Reduction,governance;sustainability;reporting;finance
CNT_275,Finance,Treasury,Confluence,Newsletter,Post,Strategy,Henri Dupont,Finance,Regulatory Reporting Guide — Edition 6,Guide de Reporting Réglementaire — Edition 6,Regulatory Reporting | Guide de Reporting R,2.2,English,,Draft,2021-05-16,2023-07-01,2024-08-03,2026-04-29,"This content covers finance for regulators. It provides key insights, guidelines and best practices to support decision making and compliance.",Client Relationship,Partners;Risk Officers;All Employees,Restricted,Annual,innovation;client;digital;ESG,Yes,Yes,,Audit Committee,,Benelux;France,Cetelem;Nickel,Multi-year,,,ESG;governance
CNT_276,Digital Transformation,Automation,Mass Mailing;Internal Only,Press Release,FAQ,IT Operations,Finance,Legal Counsel,GenAI Adoption Playbook — Edition 6,Playbook Adoption GenAI — Edition 6,GenAI Adoption Playb | Playbook Adoption Ge,2.2,French,English;Spanish,Published,2022-04-14,2023-08-11,2024-04-15,2026-01-19,"This content covers digital transformation for partners. It provides key insights, guidelines and best practices to support decision making and compliance.",Client Relationship,All Employees;Regulators,Public,Annual,culture;client;reporting;AI;transformation,In Progress,No,https://confluence.bnpparibas.com/pages/276,Annual Results,,Europe;Benelux,Cetelem;Hello bank!;BNP Paribas Cardif,Short-term,Technology Evolution,,innovation;governance
CNT_277,Compliance,AML,Internal Only,Report,Article,Finance,Recruitment,Press & Media,Employee Engagement Survey — Edition 6,Enquête Engagement Collaborateurs — Edition 6,Employee Engagement  | Enquête Engagement C,5.1,English,English,Under Review,2020-02-22,2024-08-25,2024-08-04,2026-06-15,"This content covers compliance for clients. It provides key insights, guidelines and best practices to support decision making and communication.",Training,Executive Committee;Board,Internal,Ad hoc,sustainability;digital;innovation;ESG,In Progress,No,https://confluence.bnpparibas.com/pages/277,,CRO,France,Floa;Hello bank!,Short-term,Market Evolution,Better UX,sustainability;finance;ESG;reporting
CNT_278,Finance,Budget,Internal Only;Intranet,Press Release,Video,Recruitment,People Analytics,Regulatory Affairs,Climate Risk Assessment — Edition 6,Évaluation Risque Climatique — Edition 6,Climate Risk Assessm | Évaluation Risque Cl,1.3,French,German;English,Under Review,2020-02-03,2024-11-05,2025-02-05,2026-10-16,"This content covers finance for clients. It provides key insights, guidelines and best practices to support decision making and communication.",Risk Control;Client Relationship;Training,All Employees;Managers,Confidential,Weekly,data;finance;risk,No,No,,,CRO;CDO,LATAM,Nickel;Arval;Hello bank!,Immediate,,Revenue Growth,finance;innovation;client
CNT_279,Data & AI,ML Ops,Teams;Internal Only,Reference Document,Video,People Analytics,Legal Counsel,Strategy,Digital Transformation Bulletin — Edition 6,Bulletin Transformation Digitale — Edition 6,Digital Transformati | Bulletin Transformat,3.2,English,,Active,2023-04-11,2024-08-18,2024-01-02,2026-06-29,"This content covers data & ai for board. It provides key insights, guidelines and best practices to support decision making and operations.",HR Process,Regulators,Internal,Ad hoc,AI;culture;governance,Yes,Yes,https://sharepoint.bnpparibas.com/sites/279,Digital Day,,France,Floa;Nickel;BNP Paribas Cardif,Immediate,,,governance;reporting;ESG;strategy
CNT_280,Finance,Treasury,SharePoint;Corporate Website,Report,Infographic,Data Office,Henri Dupont,Press & Media,Compliance E-Learning Module — Edition 6,Module E-Learning Conformité — Edition 6,Compliance E-Learnin | Module E-Learning Co,4.0,English,German,Approved,2020-12-01,2024-01-22,2024-04-22,2026-02-21,"This content covers finance for partners. It provides key insights, guidelines and best practices to support decision making and compliance.",Communication;Data Management;Strategic Planning,All Employees;Regulators,Internal,Ad hoc,governance;digital;data,Yes,Yes,,Digital Day,COO;CDO,Global;France,Nickel;Hello bank!,Long-term,Regulatory Change,Risk Mitigation,culture;strategy;client
CNT_281,Digital Transformation,DevOps,Confluence,Press Release,Post,Legal Counsel,Data Office,Recruitment,API Management Policy — Edition 6,Politique Gestion des API — Edition 6,API Management Polic | Politique Gestion de,1.1,English,Italian;Spanish,Draft,2021-03-10,2023-03-19,2024-02-14,2026-11-18,"This content covers digital transformation for executive committee. It provides key insights, guidelines and best practices to support decision making and strategy.",Data Management,Risk Officers;Board;All Employees,Confidential,Monthly,reporting;governance,No,No,https://intranet.bnpparibas.com/content/281,Board Meeting,,Middle East,Arval,Short-term,,Risk Mitigation,transformation;AI
CNT_282,Finance,Treasury;P&L,Teams,Campaign,Podcast,People Analytics,Recruitment,Reporting,Diversity Report — Edition 6,Rapport Diversité — Edition 6,Diversity Report | Rapport Diversité,4.3,French,German;English,Under Review,2021-12-05,2023-07-12,2024-03-21,2025-11-08,"This content covers finance for clients. It provides key insights, guidelines and best practices to support decision making and compliance.",Communication;Audit;Data Management,Board;Clients;All Employees,Internal,Monthly,innovation;digital;risk;governance,Yes,Yes,,,,France,Nickel;Arval,Immediate,,Compliance,finance;strategy;governance
CNT_283,Digital Transformation,AI & ML;Cybersecurity,Mass Mailing;Social Media,Dashboard,Post,Social Media,Henri Dupont,Recruitment,Customer Journey Mapping — Edition 6,Cartographie Parcours Client — Edition 6,Customer Journey Map | Cartographie Parcour,5.2,English,German;French;English,Approved,2021-08-09,2024-06-10,2025-01-10,2025-10-19,"This content covers digital transformation for executive committee. It provides key insights, guidelines and best practices to support decision making and communication.",Audit;Digital Initiative;Data Management,Risk Officers;Board;All Employees,Public,One-time,AI;digital;culture;transformation;data,In Progress,Yes,https://intranet.bnpparibas.com/content/283,Board Meeting,Business Line Head;CDO,Benelux,BNP Paribas Cardif;Floa,Immediate,Market Evolution,Efficiency Gain,ESG;AI
CNT_284,Data & AI,ML Ops,Mass Mailing;Corporate Website,Reference Document,Podcast,Finance,Employee Engagement,Regulatory Affairs,Treasury Risk Policy — Edition 6,Politique Risque de Trésorerie — Edition 6,Treasury Risk Policy | Politique Risque de ,5.2,French,German;English,Approved,2023-01-25,2024-07-05,2024-10-06,2026-11-13,"This content covers data & ai for all employees. It provides key insights, guidelines and best practices to support decision making and operations.",Training;Regulatory Reporting;Data Management,All Employees;Clients;Risk Officers,Public,Ad hoc,innovation;client;finance;ESG;sustainability,No,Yes,https://confluence.bnpparibas.com/pages/284,Regulatory Deadline,,Americas;Africa,BNP Paribas Cardif;Arval,Medium-term,,Compliance,risk;governance
CNT_285,Digital Transformation,DevOps;Cloud,Confluence;Corporate Website,Reference Document,Dashboard,IT Operations,Social Media,Finance,Market Risk Framework — Edition 6,Cadre Risque de Marché — Edition 6,Market Risk Framewor | Cadre Risque de Marc,4.3,French,German;Portuguese,Under Review,2020-01-18,2024-12-13,2024-11-29,2026-01-27,"This content covers digital transformation for regulators. It provides key insights, guidelines and best practices to support decision making and strategy.",Training;Audit,Executive Committee,Restricted,One-time,culture;risk;client,No,Yes,https://intranet.bnpparibas.com/content/285,Regulatory Deadline,,Middle East;LATAM,BNP Paribas CIB;Hello bank!,Immediate,Internal Initiative,Process Improvement,finance;client
CNT_286,ESG,Green Finance;Carbon Footprint,Internal Only;Corporate Website,Training,Presentation,Reporting,IT Operations,Finance,Conduct Risk Guidelines — Edition 6,Lignes Directrices Risque de Conduite — Edition 6,Conduct Risk Guideli | Lignes Directrices R,3.2,English,Portuguese;German,Active,2021-05-10,2023-05-01,2024-12-20,2026-10-26,"This content covers esg for board. It provides key insights, guidelines and best practices to support decision making and communication.",Risk Control,Regulators;Managers;Partners,Restricted,Monthly,risk;digital;strategy;reporting,Yes,Yes,,,,Benelux,Floa;Nickel,Long-term,Strategic Decision,Efficiency Gain,governance;client
CNT_287,Data & AI,Data Quality,Internal Only,Communication,FAQ,People Analytics,Regulatory Affairs,Recruitment,Credit Risk Policy Update — Edition 6,Mise à Jour Politique Risque Crédit — Edition 6,Credit Risk Policy U | Mise à Jour Politiqu,1.0,English,,Under Review,2022-11-20,2024-09-20,2024-03-18,2025-11-21,"This content covers data & ai for clients. It provides key insights, guidelines and best practices to support decision making and compliance.",Risk Control;Strategic Planning;Data Management,Managers;All Employees,Restricted,Weekly,innovation;transformation;culture,,No,https://intranet.bnpparibas.com/content/287,ESG Summit,Head of Comms;CFO,APAC,Arval;Cetelem,Immediate,Technology Evolution,Cost Reduction,compliance;digital;culture
CNT_288,Innovation,Blockchain;Open Banking,Mass Mailing,Communication,Video,Regulatory Affairs,Henri Dupont,Finance,FinCrime Prevention Guide — Edition 6,Guide Prévention Criminalité Financière — Edition 6,FinCrime Prevention  | Guide Prévention Cri,1.3,English,German,Approved,2023-01-15,2023-04-25,2025-04-11,2025-06-05,"This content covers innovation for risk officers. It provides key insights, guidelines and best practices to support decision making and communication.",Audit;Client Relationship;HR Process,Partners;Clients,Restricted,One-time,digital;governance;culture,In Progress,No,,Product Launch,,Europe,Nickel;BNP Paribas Leasing,Long-term,Market Evolution,Risk Mitigation,reporting;culture
CNT_289,Operations,Facilities,Intranet,Campaign,Dashboard,Finance,Strategy,Recruitment,Data Mesh Architecture — Edition 6,Architecture Data Mesh — Edition 6,Data Mesh Architectu | Architecture Data Me,5.0,French,English;French,Approved,2021-06-13,2023-10-10,2024-10-27,2025-11-27,"This content covers operations for all employees. It provides key insights, guidelines and best practices to support decision making and strategy.",Risk Control;Digital Initiative,All Employees,Confidential,Quarterly,reporting;finance;ESG;AI,In Progress,Yes,,Annual Results,CRO;Chief Risk Officer,Middle East,BNP Paribas Cardif;BNP Paribas CIB;BNP Paribas SA,Immediate,,,AI;governance
CNT_290,Finance,Treasury;Forecasting,Corporate Website,Press Release,Podcast,Press & Media,Reporting,People Analytics,ESG Scorecard — Edition 6,Tableau de Bord ESG — Edition 6,ESG Scorecard | Tableau de Bord ESG,3.1,English,,Archived,2023-06-22,2023-06-02,2024-02-28,2026-03-01,"This content covers finance for partners. It provides key insights, guidelines and best practices to support decision making and strategy.",Client Relationship;Audit;Data Management,Executive Committee;Partners;Managers,Public,Monthly,strategy;ESG,In Progress,Yes,https://confluence.bnpparibas.com/pages/290,Regulatory Deadline,CRO;Chief Risk Officer,Africa,Nickel,Multi-year,Regulatory Change,Better UX,strategy;reporting;data
CNT_291,People & Culture,Leadership;Training,SharePoint;Teams,Training,Dashboard,Employee Engagement,Employee Engagement,Legal Counsel,HR Digital Transformation — Edition 6,Transformation RH Digitale — Edition 6,HR Digital Transform | Transformation RH Di,3.3,English,,Active,2023-03-06,2024-06-09,2024-08-07,2026-11-30,"This content covers people & culture for managers. It provides key insights, guidelines and best practices to support decision making and communication.",Communication;Training;Strategic Planning,Managers;Partners,Confidential,Weekly,transformation;digital;strategy;finance;data,No,Yes,https://sharepoint.bnpparibas.com/sites/291,Board Meeting,CDO,Global,Floa;Arval;BNP Paribas CIB,Long-term,,Better UX,digital;sustainability;reporting
CNT_292,Compliance,GDPR,Intranet,Press Release,Podcast,Employee Engagement,IT Operations,Legal Counsel,Procurement Policy Renewal — Edition 6,Renouvellement Politique Achats — Edition 6,Procurement Policy R | Renouvellement Polit,4.3,English,German;Portuguese,Approved,2023-06-21,2024-11-12,2024-10-01,2026-07-13,"This content covers compliance for partners. It provides key insights, guidelines and best practices to support decision making and operations.",Digital Initiative,Risk Officers;Partners;All Employees,Internal,Monthly,compliance;data;digital,Yes,Yes,,Audit Committee,,Benelux,BNP Paribas CIB;BNP Paribas Cardif;Arval,Medium-term,,Revenue Growth,strategy;transformation
CNT_293,People & Culture,Performance;Onboarding,Corporate Website,Dashboard,Podcast,People Analytics,Data Office,Reporting,CRM Migration Guide — Edition 6,Guide Migration CRM — Edition 6,CRM Migration Guide | Guide Migration CRM,3.1,English,,Active,2023-04-19,2025-02-15,2024-08-25,2026-03-08,"This content covers people & culture for all employees. It provides key insights, guidelines and best practices to support decision making and communication.",Training;Data Management;Regulatory Reporting,Managers;Partners,Restricted,Ad hoc,sustainability;risk;AI;governance,No,No,,Audit Committee,CIO;CEO,Americas,BNP Paribas SA,Immediate,,Risk Mitigation,client;innovation;culture
CNT_294,Risk Management,Operational Risk;Conduct Risk,Teams;Internal Only,Dashboard,Podcast,People Analytics,Regulatory Affairs,Reporting,Operational Excellence Plan — Edition 6,Plan Excellence Opérationnelle — Edition 6,Operational Excellen | Plan Excellence Opér,2.3,French,German,Approved,2022-02-28,2024-03-09,2024-09-15,2026-08-12,"This content covers risk management for partners. It provides key insights, guidelines and best practices to support decision making and compliance.",Communication;Regulatory Reporting,Managers;Risk Officers,Restricted,One-time,ESG;data;sustainability;digital,No,No,https://sharepoint.bnpparibas.com/sites/294,Townhall,,France,BNP Paribas Leasing;BNP Paribas SA;Hello bank!,Medium-term,Strategic Decision,Compliance,culture;risk
CNT_295,Operations,Continuity,Social Media;Corporate Website,Newsletter,Email,Data Office,Data Office,People Analytics,Brand Guidelines Update — Edition 6,Mise à Jour Charte Marque — Edition 6,Brand Guidelines Upd | Mise à Jour Charte M,1.3,French,,Draft,2020-08-22,2024-10-08,2024-07-22,2025-07-22,"This content covers operations for clients. It provides key insights, guidelines and best practices to support decision making and communication.",Digital Initiative;Training;Strategic Planning,Board;Regulators;Managers,Restricted,Ad hoc,data;culture;transformation,,Yes,,Regulatory Deadline,CEO,Global,Cetelem,Medium-term,Internal Initiative,Compliance,client;strategy
CNT_296,Data & AI,Analytics;GenAI,Intranet;Teams,Training,Podcast,Social Media,Henri Dupont,IT Operations,Social Media Policy — Edition 6,Politique Réseaux Sociaux — Edition 6,Social Media Policy | Politique Réseaux So,2.1,English,Spanish;French;Italian,Archived,2020-01-03,2024-12-08,2024-06-26,2025-09-12,"This content covers data & ai for board. It provides key insights, guidelines and best practices to support decision making and compliance.",Audit;Communication,Clients,Internal,Annual,culture;governance,,Yes,,Product Launch,,Benelux;Africa,BNP Paribas Cardif;Nickel,,Client Request,,data;reporting
CNT_297,Finance,Budget,Internal Only,Communication,Article,Finance,Press & Media,People Analytics,Talent Acquisition Strategy — Edition 6,Stratégie Acquisition Talents — Edition 6,Talent Acquisition S | Stratégie Acquisitio,2.2,French,English,Draft,2020-12-20,2024-10-04,2024-06-11,2025-08-09,"This content covers finance for clients. It provides key insights, guidelines and best practices to support decision making and operations.",HR Process;Audit;Digital Initiative,Board;All Employees,Public,Quarterly,finance;strategy;culture,In Progress,No,https://sharepoint.bnpparibas.com/sites/297,Board Meeting,CDO,Benelux,Floa;Nickel,Long-term,,Compliance,reporting;compliance;transformation
CNT_298,Compliance,Sanctions;AML,Teams,Report,Article,Social Media,IT Operations,Recruitment,Innovation Lab Report — Edition 6,Rapport Lab Innovation — Edition 6,Innovation Lab Repor | Rapport Lab Innovati,4.3,English,French;English,Archived,2020-12-01,2023-05-10,2024-01-09,2025-11-03,"This content covers compliance for board. It provides key insights, guidelines and best practices to support decision making and operations.",Client Relationship,Risk Officers,Restricted,Annual,innovation;AI;governance;culture,No,No,https://confluence.bnpparibas.com/pages/298,Audit Committee,,Europe;Benelux,Floa;Hello bank!;Cetelem,Long-term,,Cost Reduction,innovation;finance;ESG
CNT_299,ESG,Carbon Footprint,Mass Mailing;Social Media,Newsletter,Article,IT Operations,Employee Engagement,Strategy,Cybersecurity Awareness Campaign — Edition 6,Campagne Sensibilisation Cybersécurité — Edition 6,Cybersecurity Awaren | Campagne Sensibilisa,3.2,French,German;Italian;French,Active,2020-11-26,2025-01-11,2024-06-11,2026-08-25,"This content covers esg for regulators. It provides key insights, guidelines and best practices to support decision making and compliance.",Strategic Planning;Data Management,Clients;Regulators,Internal,Quarterly,sustainability;strategy;finance;compliance;reporting,,Yes,https://sharepoint.bnpparibas.com/sites/299,Product Launch,Head of Comms,APAC,Hello bank!,Immediate,Strategic Decision,Better UX,digital;client;finance;sustainability
CNT_300,Compliance,AML,Social Media,Communication,Document,IT Operations,People Analytics,People Analytics,Financial Crime Alert — Edition 6,Alerte Criminalité Financière — Edition 6,Financial Crime Aler | Alerte Criminalité F,2.1,English,German;French,Under Review,2020-03-04,2024-03-05,2024-08-21,2025-06-21,"This content covers compliance for partners. It provides key insights, guidelines and best practices to support decision making and communication.",HR Process;Digital Initiative;Client Relationship,Partners;All Employees,Confidential,One-time,strategy;client;digital;innovation,No,Yes,,Product Launch,CEO;Chief Risk Officer,Europe,BNP Paribas SA;Hello bank!,Multi-year,Market Evolution,Risk Mitigation,sustainability;finance
