ID,Primary Thematic,Secondary Thematic,Platform,Content Family,Content Types,Owner Team,Author Team,Contact Team,Content Name (EN),Content Name (FR),Content Version,Default Language,Other Languages,Status,Creation Date,Published Date,Last Update Date,Next Review Date,Content Description,Activities,Audience,Data Classification,Periodicity,Key Words,Comms GPT?,Pre-Archiving?,Content Published Link,Content - Event Name,Content - Persons,Content - Geo,Content - BNPP Entities,Content - Times,Content - Cause,Content - Consequence,Content - Thematics
MED_001,Digital Transformation,Compliance,YouTube;Podcast Platform;Corporate Website,Brand Content,Story,HR,Communication,Social Media,ESG Social Media Campaign 2024,Campagne Réseaux Sociaux ESG 2024,1.0,English,French,Active,2022-05-18,2024-11-26,2024-06-09,2026-01-02,This media content covers digital transformation for public. It provides engaging storytelling and brand alignment across digital channels.,Stakeholder Engagement;Content Production,Managers;Regulators,Confidential,One-time,social;ESG;campaign;engagement,Yes,No,https://sharepoint.bnpparibas.com/media/001,Brand Event,,Americas,Nickel;Hello bank!;BNP Paribas SA,Immediate,Internal Initiative,,ESG;content;innovation;social
MED_002,Client Experience,Operations;ESG,Mass Mailing;YouTube;Social Media,Internal Campaign,Webinar,Press & Media,IT Operations,Brand,Digital Transformation Intranet Series,Série Intranet Transformation Digitale,4.0,English,German;Italian;Spanish,Approved,2021-09-15,2024-07-27,2024-07-24,2026-04-12,This media content covers client experience for board. It provides engaging storytelling and brand alignment across digital channels.,Digital Publishing;Brand Management,Partners;All Employees,Public,Weekly,innovation;ESG;brand;digital;social,N/A,No,,,CMO,LATAM,Arval;Hello bank!,Short-term,Client Request,,innovation;social;ESG;campaign
MED_003,Client Experience,Digital Transformation;Compliance,SharePoint;Intranet,Event Coverage,Live Stream,Employee Engagement,HR,Social Media,Compliance Awareness Podcast,Podcast Sensibilisation Conformité,1.0,English,English;Italian;French,Approved,2021-02-15,2025-02-08,2024-10-06,2026-03-02,This media content covers client experience for regulators. It provides engaging storytelling and brand alignment across digital channels.,Communication,Board;Regulators,Internal,Annual,ESG;transformation;campaign,In Progress,Yes,,,Head of Comms;CMO;CDO,Global,Hello bank!,Short-term,Strategic Decision,Compliance,media;brand
MED_004,Data & AI,Operations,SharePoint;Podcast Platform,Product Launch,Interactive Content,Marketing,Press & Media,HR,Annual Results Video Campaign,Campagne Vidéo Résultats Annuels,4.2,French,,Approved,2021-07-31,2024-03-20,2024-11-15,2026-05-11,This media content covers data & ai for board. It provides engaging storytelling and brand alignment across digital channels.,Brand Management;Communication;Digital Publishing,Clients,Internal,One-time,ESG;awareness,No,No,https://intranet.bnpparibas.com/media/004,Annual Results,,LATAM,BNP Paribas Cardif;Cetelem;BNP Paribas CIB,Immediate,Regulatory Change,Compliance,content;communication;engagement;social
MED_005,People & Culture,Data & AI,Podcast Platform;YouTube,Training Series,Email,HR,Employee Engagement,Marketing,HR Onboarding Webinar Series,Série Webinaires Onboarding RH,4.1,French,Spanish;French,Draft,2021-08-25,2023-01-06,2024-02-17,2026-09-09,This media content covers people & culture for regulators. It provides engaging storytelling and brand alignment across digital channels.,Campaign Management;Brand Management,Regulators,Internal,Monthly,communication;transformation;social,No,No,https://sharepoint.bnpparibas.com/media/005,Digital Day,Head of Comms,Americas,BNP Paribas SA,Short-term,,Client Acquisition,campaign;awareness;communication;innovation
MED_006,Data & AI,Compliance,Teams;Podcast Platform,Product Launch,Podcast,Social Media,Brand,Data Office,Innovation Lab Showcase,Showcase Lab Innovation,4.0,French,,Published,2021-11-14,2023-05-06,2024-02-18,2026-12-27,This media content covers data & ai for regulators. It provides engaging storytelling and brand alignment across digital channels.,Digital Publishing;Campaign Management,All Employees;Clients;Executive Committee,Internal,Annual,content;awareness;communication;brand;social,N/A,No,https://sharepoint.bnpparibas.com/media/006,Brand Event,,France;APAC,Arval;Cetelem;BNP Paribas SA,Long-term,,Compliance,transformation;media;innovation
MED_007,Data & AI,Digital Transformation,Social Media,External Campaign,Video,Employee Engagement,Strategy,Marketing,Sustainability Infographic Pack,Pack Infographies Développement Durable,3.0,English,German,Archived,2022-01-22,2023-09-03,2025-02-01,2026-08-06,This media content covers data & ai for clients. It provides engaging storytelling and brand alignment across digital channels.,Brand Management,All Employees;Regulators;Public,Restricted,Monthly,digital;media;awareness,In Progress,No,https://youtube.bnpparibas.com/007,,,Europe;Middle East,BNP Paribas SA;BNP Paribas Cardif;Nickel,Short-term,,,social;brand;innovation;awareness
MED_008,ESG,Compliance,Intranet;Social Media,Editorial Series,Live Stream,Marketing,Communication,Strategy,Brand Guidelines Video,Vidéo Charte de la Marque,3.1,French,,Archived,2022-10-15,2024-04-13,2024-10-07,2026-09-29,This media content covers esg for partners. It provides engaging storytelling and brand alignment across digital channels.,Brand Management,Public;Managers;Clients,Public,Monthly,media;awareness;campaign;communication;social,In Progress,No,,Product Launch,CIO,LATAM,Nickel;Arval;Cetelem,Short-term,Client Request,Compliance,innovation;awareness;campaign;engagement
MED_009,Digital Transformation,Innovation,Corporate Website;Teams,Internal Campaign,Story,Communication,Employee Engagement,Data Office,Client Experience Story Series,Série Story Expérience Client,3.2,English,,Archived,2021-07-13,2025-02-03,2024-11-18,2025-06-10,This media content covers digital transformation for board. It provides engaging storytelling and brand alignment across digital channels.,Stakeholder Engagement;Campaign Management,All Employees,Internal,Monthly,campaign;media;communication,Yes,No,https://intranet.bnpparibas.com/media/009,Townhall,,Global,Nickel,,Market Evolution,Employee Engagement,brand;ESG
MED_010,Digital Transformation,Innovation,Corporate Website;SharePoint,External Campaign,Campaign,HR,HR,Press & Media,Data & AI Awareness Campaign,Campagne Sensibilisation Data & IA,2.1,English,French,Published,2023-03-09,2023-03-31,2025-02-17,2026-10-20,This media content covers digital transformation for partners. It provides engaging storytelling and brand alignment across digital channels.,Content Production;Brand Management,Regulators,Restricted,Annual,brand;awareness;ESG;content,In Progress,Yes,,ESG Summit,Head of Comms;CIO;CDO,Europe;LATAM,BNP Paribas CIB;Nickel,Medium-term,Client Request,Client Acquisition,communication;brand;social
MED_011,Innovation,Operations,Corporate Website;Social Media;Teams,Editorial Series,Webinar,Press & Media,Data Office,Data Office,Townhall Live Stream 2024,Live Stream Townhall 2024,4.2,English,,Approved,2023-01-04,2023-12-04,2024-12-11,2026-07-25,This media content covers innovation for regulators. It provides engaging storytelling and brand alignment across digital channels.,Content Production,Clients;Board,Confidential,Ad hoc,media;content;campaign;engagement,In Progress,No,https://sharepoint.bnpparibas.com/media/011,Product Launch,,LATAM;Americas,Arval;BNP Paribas SA,Short-term,,Employee Engagement,communication;awareness;social;brand
MED_012,ESG,Operations;Data & AI,SharePoint;Intranet;Corporate Website,Event Coverage,Webinar,Social Media,Press & Media,Employee Engagement,Green Finance Email Campaign,Campagne Email Finance Verte,3.0,English,,Active,2021-06-24,2024-12-23,2024-06-07,2025-08-26,This media content covers esg for public. It provides engaging storytelling and brand alignment across digital channels.,Campaign Management;Content Production;Brand Management,All Employees,Confidential,Quarterly,campaign;innovation,No,No,https://youtube.bnpparibas.com/012,Brand Event,,Global;Americas,Hello bank!;Arval,Long-term,Strategic Decision,,campaign;media;ESG
MED_013,Data & AI,Finance;Client Experience,YouTube;Teams,Event Coverage,Story,Social Media,Brand,Press & Media,People & Culture Podcast,Podcast Personnes & Culture,3.1,French,Italian;Spanish,Archived,2021-11-22,2024-11-07,2024-06-22,2026-06-04,This media content covers data & ai for executive committee. It provides engaging storytelling and brand alignment across digital channels.,Campaign Management,Partners,Restricted,Ad hoc,transformation;digital,Yes,No,https://sharepoint.bnpparibas.com/media/013,ESG Summit,,Global,Cetelem,Long-term,,,ESG;campaign;innovation;brand
MED_014,Data & AI,Operations;Finance,Teams,Editorial Series,Infographic,IT Operations,Social Media,Social Media,Cybersecurity Awareness Month,Mois Sensibilisation Cybersécurité,3.1,French,,Approved,2022-12-11,2024-01-01,2024-03-06,2026-09-12,This media content covers data & ai for executive committee. It provides engaging storytelling and brand alignment across digital channels.,Content Production,Executive Committee,Internal,Quarterly,innovation;media;social;digital;brand,Yes,No,,,,Europe;Middle East,BNP Paribas SA;Hello bank!;Cetelem,Short-term,Strategic Decision,Client Acquisition,engagement;social;brand;media
MED_015,People & Culture,Digital Transformation,YouTube;Social Media,Editorial Series,Article,Communication,HR,Communication,EXCO Strategy Presentation Video,Vidéo Présentation COMEX Stratégie,3.0,English,Spanish,Active,2021-08-03,2023-11-13,2024-11-18,2026-08-26,This media content covers people & culture for board. It provides engaging storytelling and brand alignment across digital channels.,Brand Management,Clients;All Employees;Public,Confidential,Ad hoc,communication;campaign;digital,N/A,Yes,,,,Middle East,Cetelem;Arval;BNP Paribas CIB,Long-term,Client Request,Brand Awareness,innovation;ESG;social
MED_016,Data & AI,Digital Transformation,Mass Mailing,Awareness Campaign,Interactive Content,Brand,IT Operations,IT Operations,Diversity & Inclusion Campaign,Campagne Diversité & Inclusion,1.2,English,French;German,Archived,2021-12-21,2024-07-13,2025-02-26,2026-11-21,This media content covers data & ai for managers. It provides engaging storytelling and brand alignment across digital channels.,Stakeholder Engagement;Communication,All Employees,Public,Annual,transformation;communication;content;ESG;innovation,Yes,Yes,,Brand Event,,Americas,BNP Paribas Cardif,,,Client Acquisition,media;communication
MED_017,Operations,Data & AI,Teams;Podcast Platform;Mass Mailing,Event Coverage,Campaign,HR,Communication,Brand,FinTech Innovation Series,Série Innovation Fintech,2.2,English,English,Approved,2021-07-08,2024-03-25,2024-04-06,2025-09-25,This media content covers operations for board. It provides engaging storytelling and brand alignment across digital channels.,Digital Publishing;Content Production;Communication,Clients;Board,Public,Annual,campaign;social;digital;innovation;brand,In Progress,No,,Annual Results,,Global,Nickel,Long-term,,Employee Engagement,communication;innovation;campaign;ESG
MED_018,Client Experience,Innovation,Intranet;Social Media,Event Coverage,Video,Data Office,Employee Engagement,Strategy,Risk Management Webinar,Webinaire Gestion des Risques,3.1,French,,Published,2021-08-12,2024-12-24,2025-03-07,2026-12-28,This media content covers client experience for managers. It provides engaging storytelling and brand alignment across digital channels.,Campaign Management;Communication,Board;Public,Public,Weekly,media;social;communication;campaign;transformation,In Progress,Yes,https://intranet.bnpparibas.com/media/018,Annual Results,,Americas,BNP Paribas SA;BNP Paribas CIB,,Market Evolution,Cost Reduction,innovation;transformation;engagement;digital
MED_019,Innovation,Finance;Client Experience,Social Media;Podcast Platform,Internal Campaign,Video,Brand,Brand,Strategy,Internal Brand Refresh Campaign,Campagne Rafraîchissement Marque Interne,1.1,French,,Draft,2022-07-27,2023-07-24,2024-09-15,2026-05-12,This media content covers innovation for public. It provides engaging storytelling and brand alignment across digital channels.,Content Production;Brand Management,Managers;All Employees,Confidential,One-time,transformation;innovation;digital,N/A,Yes,https://intranet.bnpparibas.com/media/019,Brand Event,,Europe,Cetelem,Immediate,Strategic Decision,,awareness;content;transformation
MED_020,Data & AI,Digital Transformation;ESG,Corporate Website;Social Media;Intranet,Training Series,Article,Data Office,IT Operations,IT Operations,Client Onboarding Digital Journey,Parcours Digital Onboarding Client,2.1,French,English,Active,2022-04-15,2024-08-27,2024-02-19,2026-02-04,This media content covers data & ai for board. It provides engaging storytelling and brand alignment across digital channels.,Campaign Management,Board;All Employees;Public,Internal,One-time,campaign;content;social;media,N/A,No,,Product Launch,,Americas,BNP Paribas SA;Cetelem;BNP Paribas Cardif,Long-term,Client Request,,content;social
MED_021,Innovation,Compliance;Risk Management,YouTube;Mass Mailing;Teams,Awareness Campaign,Infographic,Press & Media,IT Operations,Strategy,ESG Reporting Interactive Tool,Outil Interactif Reporting ESG,1.0,French,German,Draft,2023-06-08,2024-12-09,2024-12-06,2026-04-30,This media content covers innovation for executive committee. It provides engaging storytelling and brand alignment across digital channels.,Brand Management,Executive Committee;Partners,Confidential,Ad hoc,digital;transformation;innovation;social;content,In Progress,No,,,,France;Middle East,Cetelem;BNP Paribas Cardif;Arval,Medium-term,,Compliance,transformation;campaign;ESG;content
MED_022,Innovation,Compliance,Intranet;YouTube;Corporate Website,Awareness Campaign,Webinar,Data Office,Brand,Communication,Employee Engagement Survey Campaign,Campagne Enquête Engagement Collaborateurs,3.2,English,German,Approved,2021-08-14,2023-01-14,2024-08-03,2026-11-21,This media content covers innovation for public. It provides engaging storytelling and brand alignment across digital channels.,Campaign Management;Stakeholder Engagement,Public,Confidential,Ad hoc,communication;digital,No,Yes,,,CDO,Global;Europe,BNP Paribas SA;Nickel,Short-term,Strategic Decision,Brand Awareness,content;communication
MED_023,Innovation,Operations;Digital Transformation,Mass Mailing;Teams,Product Launch,Video,Press & Media,Press & Media,Marketing,Digital Banking Infographic,Infographie Banque Digitale,2.1,English,,Published,2023-04-27,2023-07-15,2025-03-23,2026-12-20,This media content covers innovation for board. It provides engaging storytelling and brand alignment across digital channels.,Campaign Management;Brand Management,Managers,Confidential,Weekly,ESG;engagement;communication,N/A,Yes,,Townhall,,Americas;France,Hello bank!;BNP Paribas SA,Immediate,Client Request,Client Acquisition,communication;media;content;campaign
MED_024,Client Experience,Compliance,Mass Mailing;Podcast Platform;Intranet,Awareness Campaign,Infographic,Social Media,Employee Engagement,IT Operations,AML Awareness Series,Série Sensibilisation LCB-FT,3.1,English,English;Spanish,Published,2022-02-25,2024-10-10,2024-02-12,2026-02-26,This media content covers client experience for regulators. It provides engaging storytelling and brand alignment across digital channels.,Campaign Management;Content Production,Clients;Regulators,Internal,Annual,social;media;innovation;engagement;ESG,In Progress,No,,Digital Day,,Europe;APAC,Arval;Cetelem;BNP Paribas CIB,Short-term,,Cost Reduction,media;digital
MED_025,Operations,Data & AI;Digital Transformation,SharePoint;Mass Mailing;Podcast Platform,Training Series,Story,HR,IT Operations,Brand,Corporate Social Responsibility Report Video,Vidéo Rapport Responsabilité Sociale des Entreprises,1.1,English,Italian,Under Review,2022-08-07,2024-01-22,2024-07-02,2025-06-15,This media content covers operations for regulators. It provides engaging storytelling and brand alignment across digital channels.,Content Production;Stakeholder Engagement,Board;All Employees,Confidential,Quarterly,media;transformation;engagement;social;awareness,Yes,No,,,,LATAM;Middle East,BNP Paribas SA;BNP Paribas Cardif,Medium-term,Strategic Decision,Brand Awareness,campaign;media
MED_026,Data & AI,Digital Transformation;ESG,Teams;Intranet,Training Series,Article,Press & Media,Press & Media,Press & Media,ESG Social Media Campaign 2024 — S2,Campagne Réseaux Sociaux ESG 2024 — S2,1.2,English,,Archived,2023-05-04,2024-07-29,2025-01-11,2025-06-25,This media content covers data & ai for partners. It provides engaging storytelling and brand alignment across digital channels.,Stakeholder Engagement;Campaign Management,Board;Managers;All Employees,Restricted,Monthly,social;awareness;innovation,No,No,,Annual Results,,LATAM;Americas,BNP Paribas CIB;Cetelem,Medium-term,,Brand Awareness,communication;campaign;content
MED_027,Finance,Operations;People & Culture,SharePoint,Editorial Series,Email,Social Media,Press & Media,Communication,Digital Transformation Intranet Series — S2,Série Intranet Transformation Digitale — S2,4.1,French,,Published,2023-05-29,2023-01-11,2024-07-06,2025-09-03,This media content covers finance for partners. It provides engaging storytelling and brand alignment across digital channels.,Brand Management;Content Production;Stakeholder Engagement,Managers;Executive Committee,Public,Annual,engagement;digital,N/A,No,https://sharepoint.bnpparibas.com/media/027,Product Launch,,Global,BNP Paribas CIB;BNP Paribas SA,Immediate,Regulatory Change,Cost Reduction,ESG;brand;digital;transformation
MED_028,People & Culture,Digital Transformation;Finance,Corporate Website;YouTube;Podcast Platform,Internal Campaign,Webinar,Marketing,Communication,Data Office,Compliance Awareness Podcast — S2,Podcast Sensibilisation Conformité — S2,4.2,French,German;Italian,Active,2021-04-16,2023-08-01,2024-06-06,2025-10-05,This media content covers people & culture for partners. It provides engaging storytelling and brand alignment across digital channels.,Digital Publishing;Communication;Content Production,Partners;Executive Committee,Internal,Ad hoc,communication;social,N/A,Yes,https://sharepoint.bnpparibas.com/media/028,ESG Summit,CEO;CIO,Europe;France,Cetelem;Arval;BNP Paribas SA,Long-term,Client Request,Cost Reduction,awareness;brand;innovation
MED_029,Operations,Data & AI,Podcast Platform;SharePoint;Mass Mailing,Training Series,Video,Marketing,Marketing,Communication,Annual Results Video Campaign — S2,Campagne Vidéo Résultats Annuels — S2,3.2,English,French;Italian,Archived,2022-04-22,2024-11-29,2024-01-27,2025-07-11,This media content covers operations for board. It provides engaging storytelling and brand alignment across digital channels.,Content Production,Public;All Employees,Confidential,One-time,communication;digital;content;awareness,No,No,https://youtube.bnpparibas.com/029,ESG Summit,,France,BNP Paribas CIB,,Client Request,Client Acquisition,content;awareness
MED_030,People & Culture,Finance;Data & AI,Corporate Website;Mass Mailing,Training Series,Webinar,Brand,Communication,Press & Media,HR Onboarding Webinar Series — S2,Série Webinaires Onboarding RH — S2,4.1,English,Italian;German,Under Review,2023-03-02,2023-11-21,2024-12-31,2026-01-31,This media content covers people & culture for regulators. It provides engaging storytelling and brand alignment across digital channels.,Communication;Brand Management;Stakeholder Engagement,Managers,Restricted,Weekly,engagement;digital;social,N/A,No,https://youtube.bnpparibas.com/030,,,LATAM;Middle East,BNP Paribas CIB;BNP Paribas SA,Short-term,Regulatory Change,,brand;communication;content
MED_031,Risk Management,Data & AI;Client Experience,Social Media,Product Launch,Podcast,Social Media,Strategy,Employee Engagement,Innovation Lab Showcase — S2,Showcase Lab Innovation — S2,2.1,English,Italian,Active,2021-10-04,2023-01-14,2024-12-13,2026-03-18,This media content covers risk management for executive committee. It provides engaging storytelling and brand alignment across digital channels.,Stakeholder Engagement;Digital Publishing;Content Production,Managers;Public,Internal,Monthly,content;media;campaign;engagement,Yes,No,,,CEO;CIO,France,BNP Paribas CIB,Short-term,,Client Acquisition,campaign;media;awareness;ESG
MED_032,ESG,Risk Management,Mass Mailing,Editorial Series,Interactive Content,Communication,Communication,Social Media,Sustainability Infographic Pack — S2,Pack Infographies Développement Durable — S2,3.1,French,,Under Review,2022-06-22,2024-05-30,2024-09-01,2026-09-03,This media content covers esg for managers. It provides engaging storytelling and brand alignment across digital channels.,Content Production;Digital Publishing,Managers,Confidential,Quarterly,brand;communication;awareness,Yes,Yes,https://intranet.bnpparibas.com/media/032,Annual Results,,France,Cetelem,Long-term,Strategic Decision,,media;engagement
MED_033,Compliance,Finance;Risk Management,YouTube,Brand Content,Podcast,Marketing,Marketing,Employee Engagement,Brand Guidelines Video — S2,Vidéo Charte de la Marque — S2,2.0,French,German;French,Approved,2022-12-23,2023-04-06,2025-02-04,2025-11-01,This media content covers compliance for board. It provides engaging storytelling and brand alignment across digital channels.,Communication;Stakeholder Engagement,Executive Committee;Partners,Internal,Weekly,engagement;digital,No,No,https://youtube.bnpparibas.com/033,Annual Results,CEO,France;APAC,Cetelem;BNP Paribas SA;BNP Paribas Cardif,,,Cost Reduction,communication;social;ESG;media
MED_034,Client Experience,Data & AI;Compliance,SharePoint;Intranet;Mass Mailing,Training Series,Article,Marketing,Press & Media,Brand,Client Experience Story Series — S2,Série Story Expérience Client — S2,4.1,French,Italian,Archived,2021-07-20,2023-09-18,2024-10-07,2025-09-02,This media content covers client experience for executive committee. It provides engaging storytelling and brand alignment across digital channels.,Communication;Digital Publishing,Executive Committee;Clients;Board,Internal,Ad hoc,content;campaign;innovation;awareness;media,No,Yes,,,CDO;Head of Comms,Middle East,BNP Paribas SA,Long-term,Market Evolution,Compliance,innovation;digital
MED_035,Innovation,Data & AI,YouTube,Internal Campaign,Podcast,Strategy,Strategy,IT Operations,Data & AI Awareness Campaign — S2,Campagne Sensibilisation Data & IA — S2,4.0,English,,Published,2022-04-19,2024-07-02,2024-01-28,2025-09-16,This media content covers innovation for clients. It provides engaging storytelling and brand alignment across digital channels.,Content Production,Executive Committee;Board;Managers,Restricted,Annual,engagement;content;digital;ESG,No,No,,,CIO;CDO,Middle East,Hello bank!;BNP Paribas CIB;BNP Paribas SA,Medium-term,Strategic Decision,Employee Engagement,brand;content;media;ESG
MED_036,ESG,Finance,YouTube,Training Series,Story,Marketing,Communication,Data Office,Townhall Live Stream 2024 — S2,Live Stream Townhall 2024 — S2,2.0,English,,Archived,2023-06-11,2023-11-23,2025-03-16,2026-04-25,This media content covers esg for all employees. It provides engaging storytelling and brand alignment across digital channels.,Brand Management,Regulators;All Employees;Public,Public,Quarterly,engagement;ESG;communication,N/A,Yes,https://intranet.bnpparibas.com/media/036,Townhall,,Europe;LATAM,Arval;BNP Paribas SA;Hello bank!,Long-term,Internal Initiative,Client Acquisition,transformation;innovation
MED_037,Client Experience,Digital Transformation,Corporate Website;Social Media,External Campaign,Live Stream,Press & Media,Social Media,Communication,Green Finance Email Campaign — S2,Campagne Email Finance Verte — S2,1.0,French,,Draft,2021-04-22,2023-12-29,2025-03-07,2025-11-10,This media content covers client experience for all employees. It provides engaging storytelling and brand alignment across digital channels.,Content Production;Communication,Partners,Internal,Annual,communication;innovation;digital;social,Yes,Yes,,,,Global,BNP Paribas CIB;Cetelem,Short-term,,Employee Engagement,campaign;communication;engagement
MED_038,People & Culture,Operations,YouTube;Social Media;Mass Mailing,Brand Content,Interactive Content,Brand,Social Media,Data Office,People & Culture Podcast — S2,Podcast Personnes & Culture — S2,1.1,English,German,Approved,2022-12-06,2023-11-29,2024-05-26,2025-11-03,This media content covers people & culture for partners. It provides engaging storytelling and brand alignment across digital channels.,Digital Publishing,Partners;Public,Public,Ad hoc,transformation;awareness;ESG,In Progress,No,https://youtube.bnpparibas.com/038,,,APAC,Hello bank!;BNP Paribas SA;BNP Paribas Cardif,,Market Evolution,Compliance,media;awareness;brand;transformation
MED_039,ESG,Client Experience;Risk Management,YouTube,Internal Campaign,Campaign,Brand,Data Office,Communication,Cybersecurity Awareness Month — S2,Mois Sensibilisation Cybersécurité — S2,2.0,English,Italian;English,Archived,2022-07-11,2024-05-10,2024-08-25,2025-09-20,This media content covers esg for all employees. It provides engaging storytelling and brand alignment across digital channels.,Campaign Management;Digital Publishing;Stakeholder Engagement,Partners;Clients,Confidential,One-time,ESG;campaign;media,In Progress,No,https://sharepoint.bnpparibas.com/media/039,,,LATAM,Hello bank!;BNP Paribas CIB,Short-term,Client Request,Client Acquisition,innovation;transformation;content
MED_040,Data & AI,Compliance;ESG,Teams;Intranet,Event Coverage,Story,Brand,Employee Engagement,Employee Engagement,EXCO Strategy Presentation Video — S2,Vidéo Présentation COMEX Stratégie — S2,1.2,English,English,Active,2023-01-06,2024-09-23,2024-09-11,2025-08-30,This media content covers data & ai for managers. It provides engaging storytelling and brand alignment across digital channels.,Communication,Board;Clients;Regulators,Public,One-time,innovation;campaign;awareness,Yes,No,https://intranet.bnpparibas.com/media/040,Annual Results,CMO;CDO,APAC;Europe,Nickel;BNP Paribas Cardif,Short-term,,Compliance,campaign;social;awareness;digital
MED_041,Digital Transformation,Data & AI;Innovation,Corporate Website;Social Media,Editorial Series,Article,Press & Media,Brand,HR,Diversity & Inclusion Campaign — S2,Campagne Diversité & Inclusion — S2,4.1,French,,Published,2022-12-17,2024-01-17,2025-03-03,2026-01-08,This media content covers digital transformation for partners. It provides engaging storytelling and brand alignment across digital channels.,Digital Publishing;Campaign Management,Public;Clients;Managers,Confidential,Weekly,innovation;transformation,Yes,Yes,,ESG Summit,,Middle East,BNP Paribas CIB;Hello bank!,,Client Request,Cost Reduction,campaign;ESG
MED_042,Digital Transformation,People & Culture,Corporate Website,Brand Content,Podcast,Marketing,Social Media,Employee Engagement,FinTech Innovation Series — S2,Série Innovation Fintech — S2,3.0,French,,Under Review,2021-06-25,2023-12-11,2024-07-16,2026-04-25,This media content covers digital transformation for board. It provides engaging storytelling and brand alignment across digital channels.,Campaign Management;Brand Management;Digital Publishing,Board,Restricted,Weekly,brand;campaign;content;media,N/A,No,https://youtube.bnpparibas.com/042,Brand Event,,France,Arval;Nickel,Long-term,Client Request,Brand Awareness,content;brand;innovation;social
MED_043,Data & AI,ESG,Corporate Website;SharePoint,Awareness Campaign,Podcast,Data Office,Strategy,Press & Media,Risk Management Webinar — S2,Webinaire Gestion des Risques — S2,1.0,French,German;French,Under Review,2023-02-23,2024-11-29,2024-01-15,2026-12-20,This media content covers data & ai for clients. It provides engaging storytelling and brand alignment across digital channels.,Campaign Management;Communication,Regulators;Public;Board,Restricted,One-time,communication;media,Yes,No,,Digital Day,CMO,APAC,Arval,Immediate,Regulatory Change,,digital;transformation;campaign;communication
MED_044,ESG,Client Experience,Intranet;YouTube,Editorial Series,Podcast,Strategy,Strategy,IT Operations,Internal Brand Refresh Campaign — S2,Campagne Rafraîchissement Marque Interne — S2,1.1,English,,Published,2023-03-20,2023-11-03,2024-04-01,2026-01-13,This media content covers esg for board. It provides engaging storytelling and brand alignment across digital channels.,Brand Management;Content Production;Digital Publishing,Board;Partners;Executive Committee,Public,Quarterly,social;campaign;engagement;ESG,In Progress,No,,,,Global;LATAM,BNP Paribas CIB,Immediate,Regulatory Change,Client Acquisition,brand;content;campaign;engagement
MED_045,People & Culture,Client Experience;Innovation,YouTube,Event Coverage,Email,Social Media,Marketing,Brand,Client Onboarding Digital Journey — S2,Parcours Digital Onboarding Client — S2,1.0,English,French,Archived,2022-08-23,2024-12-18,2024-05-26,2025-11-09,This media content covers people & culture for public. It provides engaging storytelling and brand alignment across digital channels.,Digital Publishing;Campaign Management;Communication,Partners;Regulators;Managers,Internal,One-time,transformation;communication;social;digital;media,N/A,No,,,,Europe;Middle East,Nickel;BNP Paribas CIB;Hello bank!,,Strategic Decision,Cost Reduction,social;engagement
MED_046,Digital Transformation,People & Culture;Compliance,Corporate Website;Intranet;Mass Mailing,Awareness Campaign,Live Stream,Communication,Press & Media,Data Office,ESG Reporting Interactive Tool — S2,Outil Interactif Reporting ESG — S2,2.2,English,German;French,Approved,2021-03-03,2025-01-16,2024-08-16,2026-05-25,This media content covers digital transformation for public. It provides engaging storytelling and brand alignment across digital channels.,Campaign Management;Communication,Executive Committee;Regulators,Confidential,Ad hoc,content;social;communication;campaign;innovation,Yes,Yes,,,Head of Comms;CDO,LATAM;Global,Cetelem,Medium-term,,Client Acquisition,ESG;transformation;engagement;innovation
MED_047,Digital Transformation,Operations;Risk Management,Corporate Website;Podcast Platform;YouTube,Training Series,Podcast,HR,IT Operations,HR,Employee Engagement Survey Campaign — S2,Campagne Enquête Engagement Collaborateurs — S2,3.1,English,,Archived,2021-01-12,2025-02-05,2024-07-09,2026-06-04,This media content covers digital transformation for partners. It provides engaging storytelling and brand alignment across digital channels.,Campaign Management;Brand Management;Digital Publishing,All Employees;Partners,Restricted,Annual,digital;communication;content;campaign,In Progress,No,,,,Americas;APAC,BNP Paribas Cardif;Hello bank!;Arval,Short-term,,Employee Engagement,media;communication
MED_048,Operations,People & Culture;Risk Management,Intranet;Social Media;Teams,Brand Content,Campaign,Social Media,Marketing,Strategy,Digital Banking Infographic — S2,Infographie Banque Digitale — S2,1.1,English,Spanish,Under Review,2022-05-02,2024-08-23,2024-02-14,2025-07-01,This media content covers operations for managers. It provides engaging storytelling and brand alignment across digital channels.,Campaign Management;Content Production,Clients,Internal,Weekly,communication;ESG;social;brand;engagement,In Progress,Yes,https://intranet.bnpparibas.com/media/048,Brand Event,CIO;CDO,Middle East;Global,BNP Paribas Cardif;Hello bank!,Immediate,Client Request,,social;ESG;communication;engagement
MED_049,Innovation,Finance,Teams,Product Launch,Campaign,Employee Engagement,Strategy,HR,AML Awareness Series — S2,Série Sensibilisation LCB-FT — S2,4.0,French,,Archived,2021-10-05,2023-09-15,2025-03-23,2025-06-14,This media content covers innovation for partners. It provides engaging storytelling and brand alignment across digital channels.,Communication,Public;Executive Committee;Managers,Internal,Monthly,communication;social;digital,No,No,https://youtube.bnpparibas.com/049,Townhall,CDO;CEO,Middle East;Global,Cetelem;Hello bank!,Long-term,,,communication;brand;innovation
MED_050,Client Experience,Risk Management,Teams,Awareness Campaign,Infographic,Social Media,Data Office,Employee Engagement,Corporate Social Responsibility Report Video — S2,Vidéo Rapport Responsabilité Sociale des Entreprises — S2,4.1,French,,Active,2022-11-29,2025-03-18,2025-03-29,2026-07-03,This media content covers client experience for executive committee. It provides engaging storytelling and brand alignment across digital channels.,Campaign Management;Stakeholder Engagement,Clients;Executive Committee;Regulators,Public,Weekly,communication;media;brand;campaign;content,In Progress,No,,,,France;Middle East,BNP Paribas Cardif;BNP Paribas SA;BNP Paribas CIB,Short-term,Client Request,Brand Awareness,content;brand;awareness
MED_051,Data & AI,People & Culture,Corporate Website,Event Coverage,Video,Employee Engagement,Employee Engagement,Brand,ESG Social Media Campaign 2024 — S3,Campagne Réseaux Sociaux ESG 2024 — S3,3.1,French,English;Italian,Draft,2022-05-30,2023-10-01,2024-04-16,2025-06-01,This media content covers data & ai for regulators. It provides engaging storytelling and brand alignment across digital channels.,Content Production;Communication;Digital Publishing,Executive Committee,Internal,Quarterly,brand;digital;engagement;social,No,No,,Digital Day,,Middle East;APAC,Nickel,,Regulatory Change,,brand;transformation;digital;campaign
MED_052,Operations,Innovation,Mass Mailing,Training Series,Podcast,Communication,Strategy,HR,Digital Transformation Intranet Series — S3,Série Intranet Transformation Digitale — S3,2.0,French,Italian;French,Under Review,2022-05-21,2024-06-18,2025-01-25,2026-07-22,This media content covers operations for all employees. It provides engaging storytelling and brand alignment across digital channels.,Content Production;Communication,Clients;Public;Regulators,Restricted,Quarterly,campaign;brand,No,Yes,,Brand Event,,Americas,BNP Paribas CIB,Immediate,Market Evolution,Brand Awareness,media;transformation;engagement;innovation
MED_053,Client Experience,Risk Management;Finance,YouTube,Product Launch,Email,Marketing,Employee Engagement,HR,Compliance Awareness Podcast — S3,Podcast Sensibilisation Conformité — S3,3.0,English,English;French,Published,2021-10-24,2024-12-11,2024-12-20,2025-09-13,This media content covers client experience for board. It provides engaging storytelling and brand alignment across digital channels.,Digital Publishing,Partners,Internal,Weekly,communication;brand;campaign;engagement,N/A,No,https://youtube.bnpparibas.com/053,,,Middle East;Europe,BNP Paribas SA;Arval,,,,innovation;engagement
MED_054,Data & AI,Operations,Teams,Internal Campaign,Interactive Content,HR,Social Media,IT Operations,Annual Results Video Campaign — S3,Campagne Vidéo Résultats Annuels — S3,1.0,French,French,Archived,2021-02-18,2023-05-03,2024-07-21,2026-06-23,This media content covers data & ai for board. It provides engaging storytelling and brand alignment across digital channels.,Stakeholder Engagement;Content Production,Board;Partners,Internal,Quarterly,innovation;transformation;communication;ESG;engagement,N/A,Yes,,ESG Summit,CMO,Middle East;Global,BNP Paribas CIB;Hello bank!,Short-term,Market Evolution,Compliance,innovation;digital;ESG;brand
MED_055,Compliance,Data & AI;Digital Transformation,Corporate Website;Mass Mailing,Brand Content,Article,Communication,Communication,HR,HR Onboarding Webinar Series — S3,Série Webinaires Onboarding RH — S3,3.2,French,German;English,Published,2023-04-16,2025-03-11,2024-06-05,2026-02-19,This media content covers compliance for public. It provides engaging storytelling and brand alignment across digital channels.,Campaign Management,Managers,Internal,Weekly,ESG;innovation,No,Yes,,Brand Event,,Global;France,BNP Paribas Cardif;Cetelem,Short-term,Client Request,,ESG;media;engagement;innovation
MED_056,Compliance,Digital Transformation,Mass Mailing;Podcast Platform,Brand Content,Campaign,Press & Media,Employee Engagement,HR,Innovation Lab Showcase — S3,Showcase Lab Innovation — S3,2.1,English,German;Spanish,Published,2022-03-27,2023-11-14,2025-01-20,2026-10-24,This media content covers compliance for executive committee. It provides engaging storytelling and brand alignment across digital channels.,Digital Publishing;Communication;Campaign Management,Executive Committee,Public,Ad hoc,content;engagement;campaign,N/A,No,https://sharepoint.bnpparibas.com/media/056,ESG Summit,,Americas;LATAM,Hello bank!;BNP Paribas SA;Cetelem,,,Compliance,communication;content
MED_057,Compliance,Operations,Corporate Website;Intranet;Podcast Platform,Event Coverage,Interactive Content,IT Operations,HR,Data Office,Sustainability Infographic Pack — S3,Pack Infographies Développement Durable — S3,4.0,French,,Active,2022-10-20,2024-10-01,2024-01-06,2025-07-17,This media content covers compliance for partners. It provides engaging storytelling and brand alignment across digital channels.,Communication;Campaign Management,All Employees;Clients,Internal,Quarterly,brand;media;social;digital,N/A,No,,Digital Day,,APAC,BNP Paribas SA,,Client Request,Brand Awareness,content;digital;innovation
MED_058,Client Experience,Data & AI,Intranet,Product Launch,Interactive Content,Social Media,Strategy,HR,Brand Guidelines Video — S3,Vidéo Charte de la Marque — S3,4.0,French,Italian;German,Active,2023-05-04,2024-08-28,2024-02-24,2026-07-12,This media content covers client experience for executive committee. It provides engaging storytelling and brand alignment across digital channels.,Brand Management;Digital Publishing;Content Production,Executive Committee;All Employees,Restricted,Ad hoc,ESG;innovation,N/A,No,https://sharepoint.bnpparibas.com/media/058,Brand Event,CDO;Head of Comms,Europe;LATAM,BNP Paribas CIB,Long-term,Strategic Decision,,digital;brand;communication
MED_059,Operations,ESG;Compliance,Corporate Website,Event Coverage,Webinar,Press & Media,HR,Employee Engagement,Client Experience Story Series — S3,Série Story Expérience Client — S3,1.1,French,German,Approved,2023-06-30,2023-04-13,2025-01-19,2026-08-20,This media content covers operations for executive committee. It provides engaging storytelling and brand alignment across digital channels.,Communication,Managers;All Employees,Internal,Monthly,social;ESG;innovation,N/A,No,,ESG Summit,,France;Europe,Nickel;Hello bank!;BNP Paribas CIB,Long-term,Client Request,Client Acquisition,innovation;ESG;engagement;communication
MED_060,ESG,Digital Transformation,Social Media;Intranet;Podcast Platform,Event Coverage,Infographic,Social Media,IT Operations,Communication,Data & AI Awareness Campaign — S3,Campagne Sensibilisation Data & IA — S3,1.1,English,German,Published,2021-05-10,2023-08-30,2024-09-11,2026-08-13,This media content covers esg for executive committee. It provides engaging storytelling and brand alignment across digital channels.,Content Production;Digital Publishing;Brand Management,Partners,Confidential,Weekly,communication;content;engagement,Yes,No,,Digital Day,CMO;CEO,France,BNP Paribas SA,Medium-term,,Brand Awareness,content;engagement;awareness;communication
MED_061,People & Culture,Client Experience;Compliance,Teams;Corporate Website;Social Media,Awareness Campaign,Video,HR,Social Media,Press & Media,Townhall Live Stream 2024 — S3,Live Stream Townhall 2024 — S3,3.1,English,German,Under Review,2022-12-18,2023-05-18,2024-05-08,2025-08-31,This media content covers people & culture for clients. It provides engaging storytelling and brand alignment across digital channels.,Content Production;Campaign Management;Communication,Partners,Restricted,Ad hoc,media;digital;campaign,In Progress,Yes,https://intranet.bnpparibas.com/media/061,Product Launch,,LATAM;Middle East,BNP Paribas Cardif,,Market Evolution,Cost Reduction,communication;media;awareness
MED_062,People & Culture,Finance;Data & AI,Teams;Intranet,Product Launch,Article,Press & Media,Communication,Marketing,Green Finance Email Campaign — S3,Campagne Email Finance Verte — S3,4.2,English,,Published,2023-03-20,2024-07-16,2025-02-23,2026-02-05,This media content covers people & culture for regulators. It provides engaging storytelling and brand alignment across digital channels.,Content Production;Campaign Management,Public;All Employees;Partners,Confidential,Weekly,transformation;brand,In Progress,Yes,,Townhall,CEO,Global;Americas,BNP Paribas Cardif;Nickel;Arval,Long-term,Strategic Decision,Brand Awareness,brand;content;ESG;campaign
MED_063,Digital Transformation,People & Culture,Social Media,External Campaign,Live Stream,Strategy,Data Office,Data Office,People & Culture Podcast — S3,Podcast Personnes & Culture — S3,3.1,English,Spanish;German,Published,2022-06-18,2025-03-06,2024-04-06,2026-03-08,This media content covers digital transformation for all employees. It provides engaging storytelling and brand alignment across digital channels.,Campaign Management;Brand Management;Stakeholder Engagement,Partners,Public,Ad hoc,transformation;media,N/A,Yes,,Townhall,CIO,Global;LATAM,BNP Paribas Cardif;BNP Paribas SA;Arval,Short-term,,Client Acquisition,engagement;transformation;communication;innovation
MED_064,ESG,Client Experience,Intranet;Podcast Platform;Corporate Website,External Campaign,Story,Brand,Marketing,Employee Engagement,Cybersecurity Awareness Month — S3,Mois Sensibilisation Cybersécurité — S3,1.0,French,Italian,Under Review,2021-06-08,2023-01-03,2025-04-13,2025-12-24,This media content covers esg for partners. It provides engaging storytelling and brand alignment across digital channels.,Digital Publishing,Partners;All Employees,Confidential,Weekly,transformation;ESG;awareness;media,In Progress,Yes,https://sharepoint.bnpparibas.com/media/064,ESG Summit,,Europe;Middle East,BNP Paribas SA;Cetelem;BNP Paribas CIB,Short-term,Strategic Decision,Cost Reduction,brand;digital;media
MED_065,Innovation,Digital Transformation,Mass Mailing;Podcast Platform,External Campaign,Video,Press & Media,HR,Employee Engagement,EXCO Strategy Presentation Video — S3,Vidéo Présentation COMEX Stratégie — S3,4.0,English,,Under Review,2023-01-23,2023-11-23,2025-02-28,2026-03-18,This media content covers innovation for all employees. It provides engaging storytelling and brand alignment across digital channels.,Stakeholder Engagement;Brand Management,Clients;Regulators;All Employees,Internal,One-time,transformation;media;awareness,No,No,https://intranet.bnpparibas.com/media/065,Digital Day,CIO;CEO;Head of Comms,Global;APAC,BNP Paribas Cardif;Hello bank!;BNP Paribas SA,Immediate,,Compliance,digital;campaign
MED_066,Compliance,Client Experience;Innovation,Podcast Platform;Corporate Website;YouTube,Awareness Campaign,Podcast,HR,IT Operations,Data Office,Diversity & Inclusion Campaign — S3,Campagne Diversité & Inclusion — S3,4.1,French,French;German;English,Draft,2022-12-21,2023-11-24,2025-02-23,2026-10-10,This media content covers compliance for regulators. It provides engaging storytelling and brand alignment across digital channels.,Content Production;Communication,All Employees;Board;Partners,Internal,One-time,social;brand;engagement,No,No,,Product Launch,Head of Comms,Americas,Hello bank!;BNP Paribas Cardif,,Regulatory Change,Client Acquisition,brand;communication
MED_067,Compliance,Operations,SharePoint,Training Series,Email,Press & Media,Social Media,Communication,FinTech Innovation Series — S3,Série Innovation Fintech — S3,3.2,French,English,Approved,2022-10-26,2023-01-28,2024-09-27,2026-05-15,This media content covers compliance for public. It provides engaging storytelling and brand alignment across digital channels.,Content Production;Campaign Management;Communication,Public,Internal,Monthly,social;content;campaign;awareness,In Progress,No,,Product Launch,,APAC,Hello bank!,Short-term,Client Request,Compliance,brand;media;engagement
MED_068,People & Culture,Digital Transformation;Risk Management,Mass Mailing,Event Coverage,Live Stream,IT Operations,IT Operations,Brand,Risk Management Webinar — S3,Webinaire Gestion des Risques — S3,3.0,English,,Draft,2021-07-15,2024-05-01,2025-04-30,2026-08-09,This media content covers people & culture for regulators. It provides engaging storytelling and brand alignment across digital channels.,Content Production;Brand Management;Stakeholder Engagement,Board,Confidential,Monthly,media;awareness;digital;social;content,Yes,Yes,,ESG Summit,,Middle East,Nickel;Hello bank!;BNP Paribas SA,Medium-term,Strategic Decision,Compliance,brand;awareness;ESG;communication
MED_069,ESG,Data & AI,Social Media;Corporate Website;YouTube,Product Launch,Interactive Content,Strategy,Marketing,Marketing,Internal Brand Refresh Campaign — S3,Campagne Rafraîchissement Marque Interne — S3,2.2,French,English,Approved,2021-12-07,2024-08-20,2024-09-19,2025-12-18,This media content covers esg for executive committee. It provides engaging storytelling and brand alignment across digital channels.,Digital Publishing,Clients;All Employees;Public,Confidential,One-time,ESG;transformation,Yes,Yes,https://sharepoint.bnpparibas.com/media/069,,,LATAM;Europe,Hello bank!,Medium-term,Strategic Decision,Client Acquisition,engagement;content;communication
MED_070,Finance,Client Experience,YouTube;Teams;Podcast Platform,Training Series,Infographic,Social Media,Marketing,Marketing,Client Onboarding Digital Journey — S3,Parcours Digital Onboarding Client — S3,3.2,English,German;Spanish,Active,2021-05-28,2023-05-16,2024-04-22,2026-12-23,This media content covers finance for public. It provides engaging storytelling and brand alignment across digital channels.,Digital Publishing,Executive Committee;Board;Partners,Restricted,Ad hoc,social;transformation;brand;media;ESG,Yes,Yes,https://sharepoint.bnpparibas.com/media/070,Brand Event,,Global;Europe,Cetelem;Nickel,Immediate,Market Evolution,Compliance,engagement;ESG;innovation;media
MED_071,ESG,People & Culture;Risk Management,SharePoint,Training Series,Email,Strategy,Marketing,Employee Engagement,ESG Reporting Interactive Tool — S3,Outil Interactif Reporting ESG — S3,4.2,French,French;English,Published,2022-03-15,2024-11-08,2024-05-17,2025-08-16,This media content covers esg for board. It provides engaging storytelling and brand alignment across digital channels.,Communication,All Employees,Confidential,Ad hoc,social;transformation;media,Yes,No,,Brand Event,CDO,France,Nickel;BNP Paribas Cardif;Arval,Short-term,Strategic Decision,Cost Reduction,social;media
MED_072,Data & AI,Compliance;Operations,YouTube;Intranet;Mass Mailing,External Campaign,Story,Brand,Data Office,Brand,Employee Engagement Survey Campaign — S3,Campagne Enquête Engagement Collaborateurs — S3,4.2,French,,Under Review,2022-01-04,2023-09-11,2025-01-11,2025-09-07,This media content covers data & ai for partners. It provides engaging storytelling and brand alignment across digital channels.,Brand Management;Communication,Regulators,Confidential,Monthly,awareness;campaign,Yes,Yes,,,CEO,APAC;LATAM,Nickel;Cetelem,Medium-term,,Brand Awareness,campaign;awareness;media
MED_073,Compliance,ESG;Digital Transformation,Social Media;Podcast Platform;Teams,External Campaign,Campaign,HR,Strategy,IT Operations,Digital Banking Infographic — S3,Infographie Banque Digitale — S3,4.2,English,French,Draft,2023-04-05,2024-02-14,2024-08-30,2025-09-24,This media content covers compliance for public. It provides engaging storytelling and brand alignment across digital channels.,Stakeholder Engagement;Communication;Digital Publishing,Regulators;Partners;Clients,Public,Weekly,ESG;social,Yes,No,,Brand Event,,Middle East,Arval;Hello bank!,Long-term,Internal Initiative,Cost Reduction,brand;innovation;social
MED_074,Client Experience,Risk Management;Finance,Social Media;Podcast Platform,Editorial Series,Interactive Content,Strategy,Marketing,Communication,AML Awareness Series — S3,Série Sensibilisation LCB-FT — S3,1.0,English,German,Archived,2022-10-29,2024-09-29,2024-10-02,2026-06-30,This media content covers client experience for all employees. It provides engaging storytelling and brand alignment across digital channels.,Communication;Content Production,Public;Regulators,Public,Ad hoc,social;communication;brand,N/A,No,https://intranet.bnpparibas.com/media/074,ESG Summit,CIO;CEO,Europe,BNP Paribas SA;Hello bank!,,Internal Initiative,Employee Engagement,communication;transformation;media
MED_075,Finance,Risk Management,Teams,Brand Content,Infographic,Data Office,Communication,Employee Engagement,Corporate Social Responsibility Report Video — S3,Vidéo Rapport Responsabilité Sociale des Entreprises — S3,4.2,English,German;Spanish;French,Active,2022-05-06,2023-02-07,2024-07-06,2026-10-15,This media content covers finance for regulators. It provides engaging storytelling and brand alignment across digital channels.,Stakeholder Engagement;Communication,Managers;Partners;Regulators,Confidential,One-time,digital;transformation;campaign;awareness;engagement,Yes,Yes,,ESG Summit,CEO,LATAM,Arval;Hello bank!;Cetelem,Immediate,,Brand Awareness,content;awareness;engagement;innovation
MED_076,Finance,Operations;Client Experience,Mass Mailing,Product Launch,Infographic,Communication,Social Media,Data Office,ESG Social Media Campaign 2024 — S4,Campagne Réseaux Sociaux ESG 2024 — S4,1.1,English,,Archived,2022-11-21,2024-12-21,2024-04-25,2026-06-03,This media content covers finance for executive committee. It provides engaging storytelling and brand alignment across digital channels.,Content Production;Stakeholder Engagement;Digital Publishing,Managers,Internal,One-time,ESG;awareness;engagement,No,No,https://intranet.bnpparibas.com/media/076,Product Launch,,France,Hello bank!;BNP Paribas CIB,Long-term,Regulatory Change,Compliance,communication;campaign;awareness
MED_077,Operations,Innovation;ESG,Social Media;Mass Mailing;Podcast Platform,Training Series,Infographic,Press & Media,Strategy,Data Office,Digital Transformation Intranet Series — S4,Série Intranet Transformation Digitale — S4,1.1,English,,Active,2023-01-02,2024-03-15,2024-01-14,2026-12-01,This media content covers operations for all employees. It provides engaging storytelling and brand alignment across digital channels.,Content Production;Brand Management;Campaign Management,Executive Committee;Managers;Public,Confidential,Monthly,brand;media;engagement;social;digital,In Progress,No,https://youtube.bnpparibas.com/077,Product Launch,,LATAM,BNP Paribas SA,Short-term,,Client Acquisition,communication;campaign;transformation;social
MED_078,Finance,Data & AI,SharePoint;YouTube,Training Series,Campaign,Communication,Communication,Strategy,Compliance Awareness Podcast — S4,Podcast Sensibilisation Conformité — S4,2.0,French,German;Spanish,Approved,2022-01-19,2023-02-20,2025-03-03,2025-08-24,This media content covers finance for executive committee. It provides engaging storytelling and brand alignment across digital channels.,Campaign Management,Executive Committee,Internal,Annual,transformation;innovation;media;ESG,No,Yes,https://youtube.bnpparibas.com/078,Digital Day,Head of Comms;CDO,Global,Cetelem,Medium-term,Regulatory Change,Cost Reduction,innovation;brand
MED_079,Data & AI,Risk Management;ESG,Corporate Website;Teams;YouTube,Event Coverage,Article,Strategy,Communication,IT Operations,Annual Results Video Campaign — S4,Campagne Vidéo Résultats Annuels — S4,1.2,English,,Archived,2021-11-16,2023-11-14,2024-02-06,2026-01-05,This media content covers data & ai for executive committee. It provides engaging storytelling and brand alignment across digital channels.,Digital Publishing,Regulators;Board,Internal,Quarterly,content;media;social;innovation,N/A,Yes,,,CEO,France;Global,Hello bank!;BNP Paribas SA,Immediate,Regulatory Change,Client Acquisition,content;innovation
MED_080,Digital Transformation,Compliance;Client Experience,Social Media,Training Series,Podcast,HR,Marketing,IT Operations,HR Onboarding Webinar Series — S4,Série Webinaires Onboarding RH — S4,1.0,English,,Archived,2021-02-01,2023-06-22,2024-02-13,2026-01-11,This media content covers digital transformation for clients. It provides engaging storytelling and brand alignment across digital channels.,Communication,Partners,Confidential,Monthly,brand;transformation;awareness;ESG,Yes,Yes,,,,Europe,Cetelem,,Client Request,Cost Reduction,digital;campaign;transformation
MED_081,Risk Management,Compliance;Client Experience,Mass Mailing;Podcast Platform,Internal Campaign,Campaign,Social Media,Social Media,Brand,Innovation Lab Showcase — S4,Showcase Lab Innovation — S4,2.0,French,,Active,2023-05-04,2023-04-21,2024-06-07,2025-09-12,This media content covers risk management for executive committee. It provides engaging storytelling and brand alignment across digital channels.,Brand Management,Regulators;Public;All Employees,Public,Ad hoc,innovation;digital;campaign;content;awareness,No,No,https://sharepoint.bnpparibas.com/media/081,,CMO;Head of Comms,Americas,BNP Paribas CIB;Cetelem,Short-term,Market Evolution,Client Acquisition,media;ESG
MED_082,Innovation,Digital Transformation;Client Experience,SharePoint;Mass Mailing,Editorial Series,Webinar,Marketing,Data Office,HR,Sustainability Infographic Pack — S4,Pack Infographies Développement Durable — S4,4.2,English,German,Draft,2021-10-13,2023-09-26,2024-09-16,2026-12-26,This media content covers innovation for managers. It provides engaging storytelling and brand alignment across digital channels.,Brand Management,Clients;Partners;Managers,Confidential,Ad hoc,awareness;innovation,N/A,Yes,,Brand Event,CMO,APAC;Europe,BNP Paribas Cardif,,Regulatory Change,,engagement;media
MED_083,Finance,Data & AI;Digital Transformation,Mass Mailing;YouTube,Awareness Campaign,Interactive Content,Employee Engagement,Social Media,HR,Brand Guidelines Video — S4,Vidéo Charte de la Marque — S4,1.0,French,English;German,Published,2023-05-31,2023-07-25,2025-02-01,2025-07-10,This media content covers finance for partners. It provides engaging storytelling and brand alignment across digital channels.,Communication;Campaign Management,Public;Partners,Confidential,One-time,brand;digital;content;awareness,In Progress,No,https://intranet.bnpparibas.com/media/083,Product Launch,,Global,Hello bank!;BNP Paribas Cardif;BNP Paribas SA,Long-term,,Client Acquisition,ESG;communication;campaign
MED_084,Innovation,Client Experience;People & Culture,Social Media,Internal Campaign,Infographic,Employee Engagement,IT Operations,Strategy,Client Experience Story Series — S4,Série Story Expérience Client — S4,3.2,English,,Approved,2022-07-04,2023-05-19,2024-10-07,2026-02-06,This media content covers innovation for executive committee. It provides engaging storytelling and brand alignment across digital channels.,Campaign Management;Stakeholder Engagement,Clients;Regulators;Executive Committee,Confidential,Annual,social;content,In Progress,Yes,,Brand Event,Head of Comms,LATAM,BNP Paribas Cardif;BNP Paribas SA,,,,engagement;ESG;content
MED_085,Risk Management,Compliance,Social Media;Teams;Corporate Website,External Campaign,Webinar,Press & Media,IT Operations,Social Media,Data & AI Awareness Campaign — S4,Campagne Sensibilisation Data & IA — S4,4.0,English,French,Published,2022-04-21,2023-05-18,2024-11-14,2026-04-08,This media content covers risk management for executive committee. It provides engaging storytelling and brand alignment across digital channels.,Digital Publishing;Stakeholder Engagement,Clients;Managers;Executive Committee,Confidential,Monthly,awareness;content;campaign;media,N/A,Yes,https://sharepoint.bnpparibas.com/media/085,ESG Summit,,LATAM;Global,Hello bank!,Short-term,Market Evolution,Cost Reduction,campaign;brand
MED_086,Risk Management,Digital Transformation;Data & AI,Corporate Website,Editorial Series,Webinar,Brand,Data Office,Brand,Townhall Live Stream 2024 — S4,Live Stream Townhall 2024 — S4,3.0,English,,Approved,2023-06-02,2024-12-04,2025-02-02,2026-10-05,This media content covers risk management for clients. It provides engaging storytelling and brand alignment across digital channels.,Campaign Management,Public,Restricted,Weekly,campaign;engagement,No,Yes,https://youtube.bnpparibas.com/086,Annual Results,CIO;CMO,APAC,Hello bank!;Nickel,Long-term,Strategic Decision,,campaign;communication;media
MED_087,Finance,Operations;Client Experience,Podcast Platform;Social Media;Corporate Website,Editorial Series,Interactive Content,Press & Media,Social Media,Social Media,Green Finance Email Campaign — S4,Campagne Email Finance Verte — S4,1.2,English,,Under Review,2023-06-28,2024-07-11,2024-05-29,2026-07-24,This media content covers finance for clients. It provides engaging storytelling and brand alignment across digital channels.,Content Production;Communication,All Employees;Regulators,Restricted,One-time,campaign;brand;engagement;social;media,N/A,No,,ESG Summit,Head of Comms;CIO,Europe;Global,BNP Paribas SA,Long-term,Internal Initiative,Cost Reduction,digital;social
MED_088,Digital Transformation,Compliance,Mass Mailing,Training Series,Infographic,Data Office,IT Operations,Communication,People & Culture Podcast — S4,Podcast Personnes & Culture — S4,2.1,English,Italian,Active,2023-01-22,2025-02-01,2025-03-05,2026-05-28,This media content covers digital transformation for board. It provides engaging storytelling and brand alignment across digital channels.,Brand Management;Content Production,Regulators;Executive Committee,Restricted,Annual,media;campaign;innovation;brand;awareness,In Progress,Yes,,ESG Summit,,Global;Europe,BNP Paribas SA;BNP Paribas CIB,Immediate,Internal Initiative,Employee Engagement,campaign;social;communication
MED_089,Data & AI,Operations;People & Culture,Teams;Podcast Platform,Awareness Campaign,Email,Social Media,Marketing,Communication,Cybersecurity Awareness Month — S4,Mois Sensibilisation Cybersécurité — S4,4.0,English,French,Active,2021-01-04,2023-05-23,2024-06-03,2025-07-04,This media content covers data & ai for partners. It provides engaging storytelling and brand alignment across digital channels.,Stakeholder Engagement;Communication;Digital Publishing,Managers;All Employees,Internal,Annual,social;communication;brand;media;transformation,Yes,Yes,https://sharepoint.bnpparibas.com/media/089,,CEO,Americas;APAC,BNP Paribas CIB;Nickel;BNP Paribas SA,Short-term,Regulatory Change,Client Acquisition,social;campaign;brand;transformation
MED_090,People & Culture,Data & AI;Digital Transformation,Mass Mailing;SharePoint,Brand Content,Video,Strategy,Communication,IT Operations,EXCO Strategy Presentation Video — S4,Vidéo Présentation COMEX Stratégie — S4,4.1,French,German;English,Active,2022-09-19,2024-08-18,2024-06-26,2026-11-26,This media content covers people & culture for partners. It provides engaging storytelling and brand alignment across digital channels.,Content Production;Communication,Public,Confidential,Monthly,engagement;campaign;social,In Progress,Yes,,Brand Event,,France;APAC,Nickel;Hello bank!;Arval,Medium-term,,,ESG;brand;communication
MED_091,Data & AI,Compliance;Risk Management,Podcast Platform,Brand Content,Webinar,Marketing,IT Operations,Communication,Diversity & Inclusion Campaign — S4,Campagne Diversité & Inclusion — S4,2.0,English,French,Active,2022-12-14,2024-07-07,2025-01-27,2026-01-23,This media content covers data & ai for regulators. It provides engaging storytelling and brand alignment across digital channels.,Campaign Management,Board;Public,Internal,Weekly,digital;awareness;engagement;brand;innovation,No,No,https://intranet.bnpparibas.com/media/091,ESG Summit,,APAC;Middle East,BNP Paribas SA;BNP Paribas Cardif;BNP Paribas CIB,Medium-term,Internal Initiative,Compliance,awareness;ESG;transformation
MED_092,Innovation,Client Experience;Data & AI,SharePoint;Teams;Mass Mailing,Editorial Series,Infographic,Marketing,Brand,HR,FinTech Innovation Series — S4,Série Innovation Fintech — S4,2.0,English,French,Published,2021-05-13,2024-01-16,2025-02-06,2025-07-31,This media content covers innovation for executive committee. It provides engaging storytelling and brand alignment across digital channels.,Campaign Management;Brand Management;Content Production,Managers;Clients,Restricted,Quarterly,social;brand;content;awareness;media,Yes,Yes,,,,Americas;Global,Nickel;Cetelem;BNP Paribas SA,Short-term,Internal Initiative,Brand Awareness,communication;campaign;ESG;digital
MED_093,Digital Transformation,Compliance;People & Culture,Mass Mailing,Internal Campaign,Campaign,HR,Press & Media,HR,Risk Management Webinar — S4,Webinaire Gestion des Risques — S4,4.1,English,,Published,2022-01-31,2024-03-15,2024-04-04,2025-12-21,This media content covers digital transformation for clients. It provides engaging storytelling and brand alignment across digital channels.,Stakeholder Engagement;Content Production,Executive Committee,Restricted,Weekly,digital;media,No,Yes,,Product Launch,,France;Global,Cetelem;Arval,Short-term,Client Request,Client Acquisition,ESG;innovation
MED_094,Innovation,Operations,Podcast Platform;Social Media,Event Coverage,Story,HR,Communication,Communication,Internal Brand Refresh Campaign — S4,Campagne Rafraîchissement Marque Interne — S4,1.0,French,English,Under Review,2021-01-13,2023-10-16,2025-04-04,2026-05-31,This media content covers innovation for board. It provides engaging storytelling and brand alignment across digital channels.,Stakeholder Engagement;Digital Publishing,Regulators;Executive Committee;Board,Restricted,One-time,ESG;engagement;innovation;media;brand,N/A,No,https://youtube.bnpparibas.com/094,Digital Day,,France,Arval,,,Cost Reduction,content;awareness;campaign
MED_095,Data & AI,Client Experience,Podcast Platform,Awareness Campaign,Video,HR,Marketing,HR,Client Onboarding Digital Journey — S4,Parcours Digital Onboarding Client — S4,2.0,English,English,Active,2022-02-27,2025-01-12,2024-07-24,2026-09-23,This media content covers data & ai for partners. It provides engaging storytelling and brand alignment across digital channels.,Brand Management;Digital Publishing,Public,Restricted,Weekly,media;social;ESG,No,Yes,,,,Europe,Cetelem;Nickel;Hello bank!,Medium-term,Regulatory Change,,digital;ESG;content
MED_096,Innovation,Operations;Data & AI,Intranet,Product Launch,Infographic,HR,HR,Employee Engagement,ESG Reporting Interactive Tool — S4,Outil Interactif Reporting ESG — S4,1.2,French,,Archived,2023-01-20,2023-10-07,2024-02-20,2025-06-09,This media content covers innovation for clients. It provides engaging storytelling and brand alignment across digital channels.,Stakeholder Engagement;Communication;Digital Publishing,All Employees;Executive Committee;Managers,Confidential,Monthly,innovation;digital;engagement;campaign;media,Yes,Yes,https://youtube.bnpparibas.com/096,Townhall,CDO;Head of Comms,LATAM,Hello bank!,Long-term,Market Evolution,,innovation;campaign
MED_097,Risk Management,Compliance;People & Culture,Social Media,Awareness Campaign,Infographic,Brand,Communication,Marketing,Employee Engagement Survey Campaign — S4,Campagne Enquête Engagement Collaborateurs — S4,2.2,French,,Approved,2021-03-03,2024-02-14,2024-10-26,2026-12-09,This media content covers risk management for partners. It provides engaging storytelling and brand alignment across digital channels.,Digital Publishing,Board,Confidential,Weekly,content;communication,N/A,No,https://intranet.bnpparibas.com/media/097,,,Europe;Middle East,Nickel;BNP Paribas SA,Immediate,Strategic Decision,Compliance,content;social;communication;transformation
MED_098,Data & AI,Innovation;Finance,Social Media;Intranet;Teams,Awareness Campaign,Podcast,Employee Engagement,Brand,Employee Engagement,Digital Banking Infographic — S4,Infographie Banque Digitale — S4,3.1,English,German;Spanish;French,Draft,2022-08-10,2023-01-13,2025-04-01,2026-09-27,This media content covers data & ai for board. It provides engaging storytelling and brand alignment across digital channels.,Content Production;Digital Publishing,Partners,Internal,One-time,campaign;media;brand;digital;social,In Progress,No,,,,France,BNP Paribas SA;BNP Paribas Cardif;Arval,Immediate,Market Evolution,,media;ESG;digital
MED_099,Data & AI,Digital Transformation,Intranet,Internal Campaign,Webinar,Communication,Communication,Communication,AML Awareness Series — S4,Série Sensibilisation LCB-FT — S4,2.0,French,German,Published,2022-04-26,2024-10-25,2024-05-22,2026-02-25,This media content covers data & ai for all employees. It provides engaging storytelling and brand alignment across digital channels.,Campaign Management,Regulators;Partners,Restricted,One-time,engagement;transformation;social,Yes,Yes,https://sharepoint.bnpparibas.com/media/099,Digital Day,CDO;CIO,LATAM;Americas,Hello bank!;BNP Paribas Cardif,Long-term,Strategic Decision,Compliance,communication;content
MED_100,Compliance,People & Culture;Risk Management,Intranet;Podcast Platform;Teams,Editorial Series,Campaign,Brand,Marketing,HR,Corporate Social Responsibility Report Video — S4,Vidéo Rapport Responsabilité Sociale des Entreprises — S4,1.2,English,,Under Review,2023-04-13,2025-02-06,2024-06-04,2025-10-02,This media content covers compliance for regulators. It provides engaging storytelling and brand alignment across digital channels.,Content Production,Partners;All Employees,Internal,Quarterly,media;campaign,No,Yes,,Product Launch,,France;LATAM,Hello bank!;Arval,Long-term,Client Request,Employee Engagement,content;media;digital
MED_101,Operations,Client Experience,Intranet,Product Launch,Podcast,IT Operations,Communication,Employee Engagement,ESG Social Media Campaign 2024 — S5,Campagne Réseaux Sociaux ESG 2024 — S5,3.2,French,Italian,Published,2023-02-19,2025-03-09,2024-05-09,2026-09-27,This media content covers operations for clients. It provides engaging storytelling and brand alignment across digital channels.,Campaign Management;Stakeholder Engagement;Brand Management,Public;Clients,Restricted,Quarterly,transformation;digital;brand;media,No,No,https://sharepoint.bnpparibas.com/media/101,Townhall,CEO;CIO,Middle East;Global,Nickel;BNP Paribas SA,Short-term,Regulatory Change,Cost Reduction,engagement;content;media
MED_102,Data & AI,Client Experience,Podcast Platform,Internal Campaign,Email,Social Media,Employee Engagement,Brand,Digital Transformation Intranet Series — S5,Série Intranet Transformation Digitale — S5,3.1,English,,Published,2021-11-03,2024-12-17,2024-10-23,2026-05-28,This media content covers data & ai for all employees. It provides engaging storytelling and brand alignment across digital channels.,Stakeholder Engagement;Campaign Management,All Employees,Internal,Weekly,engagement;awareness,No,Yes,https://youtube.bnpparibas.com/102,,CMO;CIO,Americas;Global,BNP Paribas CIB;BNP Paribas Cardif,Immediate,Internal Initiative,,communication;campaign
MED_103,Finance,People & Culture;Digital Transformation,Intranet;YouTube,Training Series,Campaign,Brand,Data Office,Data Office,Compliance Awareness Podcast — S5,Podcast Sensibilisation Conformité — S5,3.2,French,Italian;German,Approved,2021-03-20,2023-11-22,2025-04-19,2026-12-21,This media content covers finance for clients. It provides engaging storytelling and brand alignment across digital channels.,Stakeholder Engagement;Digital Publishing,Executive Committee;Regulators,Internal,Monthly,social;media;ESG;communication;awareness,Yes,Yes,,Product Launch,,LATAM,BNP Paribas SA,Long-term,,,social;awareness
MED_104,People & Culture,Digital Transformation;Innovation,Corporate Website;Teams;Mass Mailing,External Campaign,Campaign,Communication,Employee Engagement,Communication,Annual Results Video Campaign — S5,Campagne Vidéo Résultats Annuels — S5,2.1,English,Spanish,Archived,2022-05-30,2024-03-16,2024-12-20,2025-08-02,This media content covers people & culture for partners. It provides engaging storytelling and brand alignment across digital channels.,Brand Management;Campaign Management,Board;Managers;All Employees,Confidential,Weekly,communication;brand;media;innovation;content,Yes,No,https://youtube.bnpparibas.com/104,Product Launch,,LATAM;Middle East,Arval;BNP Paribas SA,Immediate,,,campaign;communication;awareness;engagement
MED_105,Data & AI,Finance,Intranet;SharePoint;Podcast Platform,External Campaign,Infographic,Marketing,Strategy,Communication,HR Onboarding Webinar Series — S5,Série Webinaires Onboarding RH — S5,3.2,English,,Active,2021-01-10,2024-06-05,2025-02-20,2026-05-14,This media content covers data & ai for public. It provides engaging storytelling and brand alignment across digital channels.,Campaign Management,Regulators;Board;Clients,Public,Ad hoc,communication;engagement;transformation,N/A,No,,,CDO;Head of Comms,APAC;Americas,Nickel;Arval,Immediate,Regulatory Change,,campaign;brand
MED_106,Data & AI,People & Culture;Client Experience,Corporate Website,Awareness Campaign,Interactive Content,Communication,Employee Engagement,Press & Media,Innovation Lab Showcase — S5,Showcase Lab Innovation — S5,3.1,English,English,Published,2021-08-20,2023-02-09,2024-09-30,2026-11-05,This media content covers data & ai for public. It provides engaging storytelling and brand alignment across digital channels.,Brand Management,Managers,Internal,Ad hoc,content;communication,In Progress,No,https://sharepoint.bnpparibas.com/media/106,,CEO;CDO,Global;Middle East,Cetelem;BNP Paribas SA,Medium-term,Regulatory Change,Brand Awareness,content;awareness
MED_107,Compliance,ESG;Digital Transformation,YouTube,Awareness Campaign,Story,Strategy,Communication,Marketing,Sustainability Infographic Pack — S5,Pack Infographies Développement Durable — S5,3.0,English,,Under Review,2022-08-10,2025-02-05,2024-03-08,2026-04-22,This media content covers compliance for public. It provides engaging storytelling and brand alignment across digital channels.,Stakeholder Engagement;Content Production;Communication,Regulators;Executive Committee;Public,Restricted,Ad hoc,digital;engagement;brand;transformation;awareness,In Progress,Yes,https://intranet.bnpparibas.com/media/107,Annual Results,,APAC;Americas,BNP Paribas Cardif;BNP Paribas CIB,Medium-term,,Employee Engagement,brand;content
MED_108,Innovation,Compliance,Teams;Intranet;Corporate Website,Internal Campaign,Campaign,Employee Engagement,HR,Press & Media,Brand Guidelines Video — S5,Vidéo Charte de la Marque — S5,4.2,English,Spanish;German,Published,2023-01-02,2024-11-02,2024-05-16,2026-05-19,This media content covers innovation for board. It provides engaging storytelling and brand alignment across digital channels.,Digital Publishing;Communication,Board;Managers;Regulators,Public,Ad hoc,engagement;awareness;communication,N/A,No,https://intranet.bnpparibas.com/media/108,Product Launch,,France;APAC,Nickel,Short-term,Strategic Decision,Employee Engagement,awareness;digital;ESG
MED_109,Digital Transformation,People & Culture;Compliance,SharePoint;Teams,Internal Campaign,Interactive Content,Data Office,Communication,Employee Engagement,Client Experience Story Series — S5,Série Story Expérience Client — S5,2.1,French,Italian;Spanish,Published,2021-06-23,2025-01-12,2024-03-08,2025-11-09,This media content covers digital transformation for managers. It provides engaging storytelling and brand alignment across digital channels.,Stakeholder Engagement,Board;Regulators;Public,Public,Monthly,digital;content;brand;ESG;media,Yes,Yes,https://sharepoint.bnpparibas.com/media/109,Digital Day,CMO;CEO,Americas,Arval,Short-term,Strategic Decision,,communication;engagement;media;content
MED_110,Finance,Compliance;People & Culture,Mass Mailing,Product Launch,Email,Employee Engagement,Communication,HR,Data & AI Awareness Campaign — S5,Campagne Sensibilisation Data & IA — S5,3.1,French,,Published,2022-05-11,2023-03-16,2024-10-11,2026-08-12,This media content covers finance for managers. It provides engaging storytelling and brand alignment across digital channels.,Digital Publishing;Communication;Campaign Management,Board;Executive Committee,Confidential,Annual,media;content;communication;engagement,Yes,Yes,https://intranet.bnpparibas.com/media/110,,CDO,APAC;LATAM,BNP Paribas CIB,Long-term,,,engagement;digital
MED_111,Operations,Client Experience,SharePoint;Mass Mailing,Product Launch,Article,Brand,Marketing,Strategy,Townhall Live Stream 2024 — S5,Live Stream Townhall 2024 — S5,1.1,French,,Published,2022-11-26,2023-07-25,2025-04-25,2025-06-03,This media content covers operations for public. It provides engaging storytelling and brand alignment across digital channels.,Digital Publishing,Board,Restricted,One-time,engagement;transformation,Yes,No,,Product Launch,CIO;CEO,APAC;Global,BNP Paribas CIB;Arval;Nickel,Immediate,Strategic Decision,Compliance,social;engagement
MED_112,Risk Management,Operations;ESG,Mass Mailing;Teams;Social Media,Editorial Series,Campaign,Employee Engagement,Brand,Marketing,Green Finance Email Campaign — S5,Campagne Email Finance Verte — S5,2.1,English,German,Published,2021-01-07,2024-08-01,2024-12-13,2026-05-28,This media content covers risk management for executive committee. It provides engaging storytelling and brand alignment across digital channels.,Stakeholder Engagement;Campaign Management;Communication,Partners;Regulators;Managers,Confidential,One-time,brand;transformation,N/A,Yes,https://intranet.bnpparibas.com/media/112,Digital Day,,Americas;APAC,BNP Paribas Cardif;Cetelem;Nickel,,,Cost Reduction,social;ESG
MED_113,People & Culture,Compliance,Teams;YouTube,Brand Content,Email,Social Media,HR,Communication,People & Culture Podcast — S5,Podcast Personnes & Culture — S5,4.2,English,German,Draft,2021-10-26,2023-01-29,2024-02-23,2026-11-14,This media content covers people & culture for public. It provides engaging storytelling and brand alignment across digital channels.,Communication;Campaign Management,All Employees,Public,Quarterly,awareness;campaign;communication;innovation;brand,No,Yes,https://youtube.bnpparibas.com/113,Townhall,,Middle East;Americas,BNP Paribas SA;Cetelem,,Regulatory Change,Cost Reduction,innovation;brand
MED_114,Compliance,Operations;Client Experience,Social Media,Product Launch,Email,Data Office,Data Office,Strategy,Cybersecurity Awareness Month — S5,Mois Sensibilisation Cybersécurité — S5,1.0,French,German;English,Published,2021-05-22,2023-09-04,2024-05-24,2025-11-06,This media content covers compliance for partners. It provides engaging storytelling and brand alignment across digital channels.,Digital Publishing,Clients;All Employees;Regulators,Public,One-time,brand;ESG;engagement,In Progress,Yes,https://intranet.bnpparibas.com/media/114,,CEO,Americas;Europe,BNP Paribas SA,Short-term,Regulatory Change,Employee Engagement,media;transformation;digital;engagement
MED_115,Digital Transformation,ESG,Intranet;Mass Mailing,Event Coverage,Article,Brand,Social Media,Press & Media,EXCO Strategy Presentation Video — S5,Vidéo Présentation COMEX Stratégie — S5,2.2,French,Italian;Spanish;German,Archived,2022-04-10,2023-08-11,2024-05-05,2026-12-21,This media content covers digital transformation for public. It provides engaging storytelling and brand alignment across digital channels.,Communication;Digital Publishing,Board;Clients;Public,Confidential,Ad hoc,social;innovation,N/A,No,,Product Launch,,APAC;France,BNP Paribas SA;Hello bank!;BNP Paribas Cardif,,,Client Acquisition,digital;ESG;brand
MED_116,Digital Transformation,Operations;Finance,Teams,Training Series,Story,Employee Engagement,Strategy,Brand,Diversity & Inclusion Campaign — S5,Campagne Diversité & Inclusion — S5,2.1,French,German;French,Draft,2021-09-09,2025-01-30,2024-11-23,2026-01-11,This media content covers digital transformation for clients. It provides engaging storytelling and brand alignment across digital channels.,Brand Management,All Employees;Managers,Internal,Quarterly,innovation;ESG,No,No,https://sharepoint.bnpparibas.com/media/116,Townhall,CIO,Middle East,Nickel;BNP Paribas CIB;Cetelem,Short-term,Client Request,Employee Engagement,content;campaign;brand
MED_117,People & Culture,Compliance,Intranet;Podcast Platform,Product Launch,Story,Social Media,Communication,Press & Media,FinTech Innovation Series — S5,Série Innovation Fintech — S5,1.2,French,,Approved,2021-12-18,2024-03-28,2024-06-10,2026-06-06,This media content covers people & culture for public. It provides engaging storytelling and brand alignment across digital channels.,Stakeholder Engagement;Campaign Management,Board;Executive Committee;All Employees,Restricted,Quarterly,social;media,Yes,No,https://intranet.bnpparibas.com/media/117,ESG Summit,,Europe;France,BNP Paribas CIB,Immediate,Regulatory Change,Cost Reduction,social;media;campaign
MED_118,ESG,Compliance;Client Experience,Teams,Awareness Campaign,Podcast,IT Operations,Communication,Strategy,Risk Management Webinar — S5,Webinaire Gestion des Risques — S5,2.1,French,,Under Review,2022-05-11,2023-03-13,2024-03-16,2025-10-10,This media content covers esg for all employees. It provides engaging storytelling and brand alignment across digital channels.,Content Production;Communication,Partners;Clients,Internal,One-time,innovation;digital;engagement;content;social,Yes,No,,,,Middle East;Europe,Cetelem;BNP Paribas CIB,Short-term,Market Evolution,Brand Awareness,content;ESG;digital;media
MED_119,Operations,Innovation;Data & AI,Corporate Website;Podcast Platform,Internal Campaign,Live Stream,Strategy,Press & Media,HR,Internal Brand Refresh Campaign — S5,Campagne Rafraîchissement Marque Interne — S5,3.1,French,,Under Review,2023-06-01,2023-08-18,2024-10-19,2025-09-22,This media content covers operations for managers. It provides engaging storytelling and brand alignment across digital channels.,Stakeholder Engagement,Board;Executive Committee,Confidential,Quarterly,ESG;transformation,In Progress,No,https://sharepoint.bnpparibas.com/media/119,Townhall,CDO,APAC;Europe,Cetelem;Arval,Long-term,Strategic Decision,Compliance,digital;innovation;media
MED_120,Operations,People & Culture,Social Media;Intranet,Brand Content,Infographic,Communication,Marketing,Press & Media,Client Onboarding Digital Journey — S5,Parcours Digital Onboarding Client — S5,4.1,English,German;English,Draft,2022-03-23,2023-12-18,2025-01-09,2025-07-04,This media content covers operations for public. It provides engaging storytelling and brand alignment across digital channels.,Brand Management,All Employees,Restricted,Quarterly,communication;ESG;digital;innovation,No,Yes,,Brand Event,,Europe;Middle East,Hello bank!,Long-term,Client Request,Compliance,brand;communication;transformation
MED_121,Compliance,Risk Management,Intranet,Awareness Campaign,Webinar,Strategy,Employee Engagement,IT Operations,ESG Reporting Interactive Tool — S5,Outil Interactif Reporting ESG — S5,4.2,English,Spanish;German,Approved,2023-01-16,2025-03-23,2024-12-19,2025-07-04,This media content covers compliance for board. It provides engaging storytelling and brand alignment across digital channels.,Stakeholder Engagement,Board;Executive Committee;All Employees,Internal,Monthly,innovation;communication,N/A,Yes,https://youtube.bnpparibas.com/121,Product Launch,,Middle East;LATAM,Cetelem,Immediate,,Client Acquisition,brand;media;social;innovation
MED_122,Data & AI,ESG;Innovation,SharePoint;YouTube,Internal Campaign,Article,Strategy,Marketing,Employee Engagement,Employee Engagement Survey Campaign — S5,Campagne Enquête Engagement Collaborateurs — S5,3.2,English,Spanish,Draft,2021-08-12,2023-05-02,2025-02-01,2026-05-03,This media content covers data & ai for executive committee. It provides engaging storytelling and brand alignment across digital channels.,Digital Publishing,Clients;Regulators;Managers,Public,Monthly,transformation;ESG,In Progress,No,https://sharepoint.bnpparibas.com/media/122,Product Launch,Head of Comms,Europe;Middle East,BNP Paribas Cardif;BNP Paribas SA,,Market Evolution,Brand Awareness,communication;campaign;ESG
MED_123,Innovation,Risk Management,SharePoint,Brand Content,Interactive Content,Press & Media,Marketing,Brand,Digital Banking Infographic — S5,Infographie Banque Digitale — S5,4.0,English,English,Draft,2023-04-09,2024-11-20,2024-12-13,2025-06-13,This media content covers innovation for executive committee. It provides engaging storytelling and brand alignment across digital channels.,Communication,Board;Regulators;Executive Committee,Restricted,One-time,transformation;ESG,No,Yes,https://youtube.bnpparibas.com/123,,,France;Americas,Hello bank!;BNP Paribas Cardif,Long-term,Strategic Decision,Compliance,brand;communication;awareness;digital
MED_124,Data & AI,Innovation,Intranet,Training Series,Email,Communication,HR,Communication,AML Awareness Series — S5,Série Sensibilisation LCB-FT — S5,3.1,French,English;Italian,Under Review,2021-02-07,2023-03-30,2025-04-19,2026-10-17,This media content covers data & ai for public. It provides engaging storytelling and brand alignment across digital channels.,Stakeholder Engagement;Digital Publishing;Brand Management,Clients;All Employees;Executive Committee,Restricted,Weekly,brand;campaign;social;communication,In Progress,No,https://youtube.bnpparibas.com/124,Brand Event,CIO,Europe,BNP Paribas SA;Cetelem;Nickel,Immediate,,,campaign;social;engagement
MED_125,Data & AI,Finance;Risk Management,Corporate Website;YouTube;Intranet,Brand Content,Podcast,Strategy,Social Media,Social Media,Corporate Social Responsibility Report Video — S5,Vidéo Rapport Responsabilité Sociale des Entreprises — S5,4.0,French,,Draft,2021-09-21,2025-03-12,2024-10-02,2026-05-28,This media content covers data & ai for clients. It provides engaging storytelling and brand alignment across digital channels.,Content Production;Stakeholder Engagement;Digital Publishing,Partners,Internal,Annual,campaign;content;brand;media;digital,In Progress,Yes,https://sharepoint.bnpparibas.com/media/125,Annual Results,CMO;Head of Comms,LATAM;Americas,Cetelem,Medium-term,Internal Initiative,Compliance,transformation;media;awareness
MED_126,Client Experience,Data & AI,Social Media;Intranet,Brand Content,Email,HR,Brand,IT Operations,ESG Social Media Campaign 2024 — S6,Campagne Réseaux Sociaux ESG 2024 — S6,2.2,English,Spanish,Active,2021-12-19,2025-01-18,2025-04-22,2026-06-07,This media content covers client experience for public. It provides engaging storytelling and brand alignment across digital channels.,Digital Publishing;Communication,Regulators;Managers;Public,Public,Quarterly,communication;engagement;innovation;awareness,Yes,Yes,https://youtube.bnpparibas.com/126,Product Launch,,Global;LATAM,Nickel,Short-term,Client Request,,communication;engagement;innovation;ESG
MED_127,Digital Transformation,Operations;Finance,YouTube;Mass Mailing,Event Coverage,Webinar,Marketing,Press & Media,Communication,Digital Transformation Intranet Series — S6,Série Intranet Transformation Digitale — S6,2.1,English,,Archived,2022-04-07,2024-12-01,2024-05-29,2025-06-22,This media content covers digital transformation for board. It provides engaging storytelling and brand alignment across digital channels.,Brand Management;Content Production;Campaign Management,Clients,Internal,Weekly,campaign;awareness;engagement,Yes,Yes,,,,France;Americas,BNP Paribas CIB,,,,campaign;content
MED_128,Finance,Risk Management;People & Culture,SharePoint,External Campaign,Story,Communication,Communication,Employee Engagement,Compliance Awareness Podcast — S6,Podcast Sensibilisation Conformité — S6,2.1,French,Spanish,Approved,2021-03-28,2024-05-10,2025-02-27,2025-11-27,This media content covers finance for partners. It provides engaging storytelling and brand alignment across digital channels.,Content Production,Clients;Managers,Internal,Quarterly,content;engagement,N/A,Yes,,Digital Day,,Global;Americas,Nickel;Arval,Medium-term,,,media;content;campaign;innovation
MED_129,Digital Transformation,Operations,Social Media;Teams,External Campaign,Video,IT Operations,IT Operations,Strategy,Annual Results Video Campaign — S6,Campagne Vidéo Résultats Annuels — S6,4.1,English,French,Published,2022-07-26,2025-03-02,2024-05-18,2025-06-01,This media content covers digital transformation for board. It provides engaging storytelling and brand alignment across digital channels.,Brand Management;Digital Publishing;Content Production,Regulators;Executive Committee,Public,Quarterly,media;social,In Progress,Yes,,Digital Day,CMO,Global;LATAM,Arval;Cetelem;Nickel,,,,brand;social;engagement
MED_130,Innovation,Risk Management,Mass Mailing;YouTube;Teams,Brand Content,Story,Communication,Data Office,Employee Engagement,HR Onboarding Webinar Series — S6,Série Webinaires Onboarding RH — S6,4.1,English,,Published,2023-03-29,2024-05-27,2024-09-08,2026-06-29,This media content covers innovation for managers. It provides engaging storytelling and brand alignment across digital channels.,Brand Management;Communication,Public;Managers,Restricted,One-time,social;engagement;digital,In Progress,Yes,,Townhall,CDO;CMO,France;Europe,Cetelem;Arval,Short-term,Market Evolution,Compliance,social;transformation;communication;brand
MED_131,People & Culture,Data & AI;Innovation,Podcast Platform;SharePoint,Training Series,Webinar,Marketing,Social Media,Communication,Innovation Lab Showcase — S6,Showcase Lab Innovation — S6,1.1,English,French;English;Italian,Under Review,2022-02-16,2023-09-24,2024-04-30,2025-11-18,This media content covers people & culture for public. It provides engaging storytelling and brand alignment across digital channels.,Digital Publishing;Content Production,Managers,Internal,One-time,communication;engagement,No,Yes,https://intranet.bnpparibas.com/media/131,,CIO;CEO,Global,Arval,Long-term,Client Request,Cost Reduction,media;digital;social;awareness
MED_132,Client Experience,Operations;Compliance,Teams;Corporate Website;YouTube,External Campaign,Email,IT Operations,HR,HR,Sustainability Infographic Pack — S6,Pack Infographies Développement Durable — S6,1.0,French,,Active,2021-06-15,2023-07-15,2024-01-27,2025-10-02,This media content covers client experience for partners. It provides engaging storytelling and brand alignment across digital channels.,Brand Management,Partners;Clients;Managers,Internal,Monthly,brand;content;campaign,In Progress,Yes,https://youtube.bnpparibas.com/132,,CDO;CMO,LATAM;Europe,Arval;Hello bank!,Short-term,Strategic Decision,,social;ESG;communication;transformation
MED_133,Digital Transformation,People & Culture,Podcast Platform,Editorial Series,Webinar,Strategy,HR,Press & Media,Brand Guidelines Video — S6,Vidéo Charte de la Marque — S6,3.2,French,,Published,2021-04-22,2024-10-12,2024-05-29,2026-07-31,This media content covers digital transformation for executive committee. It provides engaging storytelling and brand alignment across digital channels.,Stakeholder Engagement,Public;Partners;Regulators,Public,Monthly,communication;campaign;engagement;awareness,N/A,Yes,,,,Americas;France,BNP Paribas SA;Cetelem;BNP Paribas Cardif,,Internal Initiative,,engagement;innovation;brand
MED_134,ESG,Client Experience;People & Culture,Corporate Website,Brand Content,Live Stream,Communication,Brand,Brand,Client Experience Story Series — S6,Série Story Expérience Client — S6,2.0,French,Italian,Under Review,2022-10-16,2023-09-30,2024-07-12,2026-04-15,This media content covers esg for managers. It provides engaging storytelling and brand alignment across digital channels.,Communication,Partners;Executive Committee;Managers,Public,Weekly,transformation;ESG;innovation;awareness,N/A,Yes,https://youtube.bnpparibas.com/134,Annual Results,CMO;CIO,France,Nickel;BNP Paribas SA;Hello bank!,Short-term,Market Evolution,Cost Reduction,campaign;content;brand;innovation
MED_135,Client Experience,Innovation,SharePoint,External Campaign,Podcast,Communication,Employee Engagement,Data Office,Data & AI Awareness Campaign — S6,Campagne Sensibilisation Data & IA — S6,2.0,English,German,Active,2021-03-11,2023-05-07,2024-11-27,2025-08-25,This media content covers client experience for regulators. It provides engaging storytelling and brand alignment across digital channels.,Campaign Management;Content Production,Executive Committee;Clients,Internal,Weekly,awareness;engagement,In Progress,Yes,,Product Launch,CDO;CMO,Europe,Arval;BNP Paribas SA,Long-term,Strategic Decision,,awareness;transformation
MED_136,Client Experience,Finance,YouTube,Awareness Campaign,Article,Communication,IT Operations,Strategy,Townhall Live Stream 2024 — S6,Live Stream Townhall 2024 — S6,3.1,English,,Published,2022-07-15,2023-12-29,2024-04-19,2026-04-26,This media content covers client experience for board. It provides engaging storytelling and brand alignment across digital channels.,Brand Management;Campaign Management;Communication,Executive Committee;All Employees,Internal,Weekly,awareness;innovation;engagement,N/A,Yes,https://intranet.bnpparibas.com/media/136,Brand Event,,France;Global,BNP Paribas SA,Long-term,Internal Initiative,Client Acquisition,ESG;social
MED_137,Innovation,Client Experience,SharePoint;YouTube,Training Series,Email,Data Office,Press & Media,HR,Green Finance Email Campaign — S6,Campagne Email Finance Verte — S6,1.0,English,,Approved,2021-12-28,2023-07-13,2025-01-05,2025-12-05,This media content covers innovation for partners. It provides engaging storytelling and brand alignment across digital channels.,Stakeholder Engagement;Brand Management;Communication,All Employees;Managers;Public,Restricted,Monthly,communication;engagement;innovation,In Progress,No,,,CMO,LATAM,Arval,Long-term,Client Request,Client Acquisition,ESG;content
MED_138,Client Experience,Risk Management;Digital Transformation,Corporate Website;YouTube,Awareness Campaign,Email,Marketing,IT Operations,Marketing,People & Culture Podcast — S6,Podcast Personnes & Culture — S6,2.1,French,,Archived,2022-09-17,2024-12-04,2024-12-31,2025-12-03,This media content covers client experience for all employees. It provides engaging storytelling and brand alignment across digital channels.,Digital Publishing;Stakeholder Engagement;Brand Management,All Employees;Managers;Board,Confidential,One-time,ESG;communication,Yes,No,,Product Launch,,Americas;Global,BNP Paribas SA;BNP Paribas CIB;Arval,Medium-term,Regulatory Change,Employee Engagement,awareness;brand
MED_139,Client Experience,ESG,Podcast Platform;Teams;YouTube,Event Coverage,Campaign,IT Operations,Strategy,Brand,Cybersecurity Awareness Month — S6,Mois Sensibilisation Cybersécurité — S6,2.1,English,French;Italian,Approved,2021-03-23,2024-11-22,2024-04-20,2025-07-13,This media content covers client experience for public. It provides engaging storytelling and brand alignment across digital channels.,Digital Publishing,Executive Committee;Clients;Managers,Public,Weekly,brand;engagement;campaign;ESG,In Progress,No,,,CMO,APAC,Cetelem;Arval,Medium-term,Market Evolution,Client Acquisition,brand;engagement
MED_140,ESG,Finance;Innovation,Intranet;Social Media,Event Coverage,Podcast,Strategy,HR,Employee Engagement,EXCO Strategy Presentation Video — S6,Vidéo Présentation COMEX Stratégie — S6,1.2,English,Italian;Spanish,Draft,2022-08-03,2024-10-30,2025-03-07,2025-11-30,This media content covers esg for regulators. It provides engaging storytelling and brand alignment across digital channels.,Content Production,Clients;Executive Committee,Internal,One-time,communication;campaign;innovation;content;ESG,N/A,Yes,,Townhall,,Global;France,Arval,,Client Request,Client Acquisition,transformation;awareness;media;communication
MED_141,Innovation,Risk Management;People & Culture,Teams,Event Coverage,Webinar,Employee Engagement,Social Media,HR,Diversity & Inclusion Campaign — S6,Campagne Diversité & Inclusion — S6,1.1,English,French;English;Spanish,Active,2022-09-05,2025-02-28,2024-01-25,2025-08-02,This media content covers innovation for public. It provides engaging storytelling and brand alignment across digital channels.,Brand Management,Regulators;Managers,Internal,Ad hoc,communication;content;awareness,In Progress,Yes,https://intranet.bnpparibas.com/media/141,Townhall,CDO;Head of Comms;CIO,France;Americas,Hello bank!;Nickel,Long-term,Market Evolution,Employee Engagement,content;innovation;campaign
MED_142,Digital Transformation,Finance;ESG,Corporate Website;Podcast Platform;Teams,External Campaign,Campaign,Marketing,Communication,Employee Engagement,FinTech Innovation Series — S6,Série Innovation Fintech — S6,4.0,English,Spanish;French,Under Review,2021-12-24,2023-10-04,2025-03-25,2025-09-28,This media content covers digital transformation for regulators. It provides engaging storytelling and brand alignment across digital channels.,Digital Publishing,Board;Clients,Internal,Annual,social;communication;content,In Progress,Yes,https://intranet.bnpparibas.com/media/142,Digital Day,CMO;CIO,LATAM;APAC,BNP Paribas Cardif,Long-term,,,ESG;awareness;digital;content
MED_143,Innovation,Risk Management;Client Experience,Intranet,Awareness Campaign,Interactive Content,Strategy,Strategy,Data Office,Risk Management Webinar — S6,Webinaire Gestion des Risques — S6,1.0,English,German;English,Active,2022-12-16,2023-08-03,2025-03-25,2025-10-16,This media content covers innovation for public. It provides engaging storytelling and brand alignment across digital channels.,Digital Publishing,Partners;Board;Executive Committee,Restricted,Monthly,ESG;communication,No,Yes,https://youtube.bnpparibas.com/143,Digital Day,CMO,Middle East;APAC,BNP Paribas CIB;BNP Paribas SA,Medium-term,Internal Initiative,Employee Engagement,innovation;brand;transformation
MED_144,Operations,Compliance;Data & AI,Podcast Platform;Mass Mailing;SharePoint,Editorial Series,Video,Employee Engagement,IT Operations,Employee Engagement,Internal Brand Refresh Campaign — S6,Campagne Rafraîchissement Marque Interne — S6,4.0,English,Italian,Published,2022-08-07,2023-10-21,2025-03-09,2025-12-14,This media content covers operations for partners. It provides engaging storytelling and brand alignment across digital channels.,Brand Management,All Employees;Managers,Public,Annual,engagement;content;social,N/A,Yes,,ESG Summit,,LATAM,BNP Paribas Cardif,Immediate,,Compliance,innovation;digital;awareness
MED_145,Data & AI,Finance,SharePoint;Mass Mailing,Brand Content,Podcast,Communication,Data Office,IT Operations,Client Onboarding Digital Journey — S6,Parcours Digital Onboarding Client — S6,2.0,English,,Published,2023-01-29,2024-12-16,2024-11-29,2026-04-04,This media content covers data & ai for clients. It provides engaging storytelling and brand alignment across digital channels.,Brand Management,Executive Committee,Public,Monthly,ESG;digital,Yes,Yes,,Brand Event,,France;APAC,Arval;BNP Paribas SA,Short-term,Market Evolution,,transformation;ESG;innovation
MED_146,People & Culture,Operations;Innovation,SharePoint,Training Series,Story,Marketing,Employee Engagement,HR,ESG Reporting Interactive Tool — S6,Outil Interactif Reporting ESG — S6,1.0,French,French,Under Review,2021-01-16,2023-12-17,2024-02-25,2026-04-01,This media content covers people & culture for partners. It provides engaging storytelling and brand alignment across digital channels.,Content Production;Campaign Management,Managers;All Employees;Clients,Internal,Annual,transformation;social,N/A,Yes,,Brand Event,CDO;CMO,Middle East;France,BNP Paribas CIB,Short-term,Client Request,Cost Reduction,social;transformation;ESG
MED_147,Innovation,Finance;ESG,SharePoint;Teams;Corporate Website,Event Coverage,Podcast,Social Media,Employee Engagement,Communication,Employee Engagement Survey Campaign — S6,Campagne Enquête Engagement Collaborateurs — S6,1.1,French,,Active,2021-05-30,2023-10-29,2024-06-09,2026-05-21,This media content covers innovation for board. It provides engaging storytelling and brand alignment across digital channels.,Communication,Board;Clients;Executive Committee,Restricted,Monthly,content;awareness;media;communication;social,Yes,Yes,,ESG Summit,CDO;Head of Comms,France,Arval;Hello bank!,Short-term,,Employee Engagement,ESG;awareness
MED_148,Innovation,Client Experience,Intranet,Training Series,Video,Employee Engagement,Brand,Data Office,Digital Banking Infographic — S6,Infographie Banque Digitale — S6,3.0,English,,Archived,2021-01-06,2024-05-18,2024-07-21,2026-12-24,This media content covers innovation for clients. It provides engaging storytelling and brand alignment across digital channels.,Communication,Executive Committee;Clients;Regulators,Confidential,One-time,social;digital;innovation;transformation;content,N/A,No,https://youtube.bnpparibas.com/148,,Head of Comms;CIO,Europe;Middle East,BNP Paribas SA,Short-term,Market Evolution,,transformation;innovation;media
MED_149,Innovation,Data & AI,Podcast Platform;Intranet,External Campaign,Infographic,Data Office,Employee Engagement,HR,AML Awareness Series — S6,Série Sensibilisation LCB-FT — S6,1.1,English,German,Active,2022-06-03,2023-10-27,2024-09-08,2026-03-23,This media content covers innovation for partners. It provides engaging storytelling and brand alignment across digital channels.,Campaign Management;Brand Management,Partners;Executive Committee;Clients,Restricted,Ad hoc,innovation;awareness,Yes,Yes,https://youtube.bnpparibas.com/149,Brand Event,CMO,LATAM,BNP Paribas SA;Hello bank!;Arval,Immediate,,,digital;social
MED_150,Risk Management,Client Experience,Mass Mailing,Product Launch,Email,Brand,Press & Media,Press & Media,Corporate Social Responsibility Report Video — S6,Vidéo Rapport Responsabilité Sociale des Entreprises — S6,2.0,French,German,Draft,2022-06-07,2023-04-17,2024-12-09,2026-12-14,This media content covers risk management for regulators. It provides engaging storytelling and brand alignment across digital channels.,Stakeholder Engagement;Campaign Management,Board,Public,Quarterly,transformation;brand;digital,N/A,Yes,https://intranet.bnpparibas.com/media/150,ESG Summit,,Global;LATAM,BNP Paribas SA;Cetelem;Arval,Long-term,Market Evolution,Cost Reduction,awareness;engagement;transformation
MED_151,Innovation,Finance;Client Experience,Mass Mailing;Podcast Platform;YouTube,Awareness Campaign,Article,Brand,HR,Press & Media,ESG Social Media Campaign 2024 — S7,Campagne Réseaux Sociaux ESG 2024 — S7,2.2,French,,Active,2022-09-25,2023-03-06,2024-03-24,2026-05-20,This media content covers innovation for board. It provides engaging storytelling and brand alignment across digital channels.,Campaign Management;Communication,All Employees;Board;Regulators,Restricted,Ad hoc,digital;innovation,N/A,Yes,,Townhall,CIO;CEO,Middle East;Global,BNP Paribas SA,Immediate,Regulatory Change,,media;transformation;content;ESG
MED_152,ESG,Digital Transformation;Client Experience,Teams;SharePoint,Internal Campaign,Podcast,Strategy,Employee Engagement,Social Media,Digital Transformation Intranet Series — S7,Série Intranet Transformation Digitale — S7,2.0,French,English;French,Under Review,2022-01-22,2024-05-11,2025-02-21,2026-10-28,This media content covers esg for clients. It provides engaging storytelling and brand alignment across digital channels.,Content Production;Brand Management;Stakeholder Engagement,Regulators,Restricted,Monthly,ESG;engagement;content,Yes,No,,,,Global;APAC,BNP Paribas CIB;Cetelem,Immediate,Regulatory Change,Employee Engagement,communication;brand
MED_153,Innovation,Finance,Teams;SharePoint,Brand Content,Interactive Content,Social Media,Employee Engagement,Strategy,Compliance Awareness Podcast — S7,Podcast Sensibilisation Conformité — S7,1.1,French,German;French,Active,2021-07-19,2024-08-16,2024-10-06,2026-10-01,This media content covers innovation for executive committee. It provides engaging storytelling and brand alignment across digital channels.,Stakeholder Engagement,All Employees,Public,Annual,digital;content;brand,In Progress,Yes,https://intranet.bnpparibas.com/media/153,Townhall,CIO,LATAM,Arval;BNP Paribas CIB,,,Compliance,communication;innovation
MED_154,Digital Transformation,Innovation,Intranet;Corporate Website;YouTube,Product Launch,Interactive Content,Social Media,Brand,Employee Engagement,Annual Results Video Campaign — S7,Campagne Vidéo Résultats Annuels — S7,1.1,English,English,Draft,2022-01-13,2024-08-28,2025-01-05,2025-09-26,This media content covers digital transformation for regulators. It provides engaging storytelling and brand alignment across digital channels.,Brand Management;Digital Publishing;Communication,Public;Executive Committee;Clients,Confidential,Weekly,communication;social;digital;ESG;media,Yes,Yes,https://sharepoint.bnpparibas.com/media/154,Brand Event,,Europe;Americas,BNP Paribas Cardif,Immediate,,Compliance,content;awareness;digital
MED_155,Digital Transformation,Compliance,Podcast Platform;Intranet;Social Media,Awareness Campaign,Interactive Content,Social Media,IT Operations,Strategy,HR Onboarding Webinar Series — S7,Série Webinaires Onboarding RH — S7,1.2,French,,Active,2022-07-14,2024-08-17,2024-02-03,2026-10-26,This media content covers digital transformation for managers. It provides engaging storytelling and brand alignment across digital channels.,Digital Publishing;Brand Management,Regulators;Executive Committee,Public,Monthly,transformation;campaign,In Progress,No,,,CEO;CIO,LATAM;APAC,Cetelem;BNP Paribas Cardif;Hello bank!,Long-term,Market Evolution,,digital;awareness
MED_156,Finance,Operations,Corporate Website;Teams;Intranet,Product Launch,Webinar,Data Office,Press & Media,Marketing,Innovation Lab Showcase — S7,Showcase Lab Innovation — S7,2.1,English,,Published,2021-03-08,2023-05-02,2024-03-17,2026-01-06,This media content covers finance for executive committee. It provides engaging storytelling and brand alignment across digital channels.,Content Production;Campaign Management,Regulators;Clients,Restricted,Monthly,awareness;content;communication,No,No,,,Head of Comms;CDO;CIO,France;Americas,Nickel;BNP Paribas CIB;Arval,Immediate,Regulatory Change,Compliance,communication;social;ESG;awareness
MED_157,Compliance,Digital Transformation;People & Culture,SharePoint;Podcast Platform,Awareness Campaign,Interactive Content,IT Operations,Social Media,Marketing,Sustainability Infographic Pack — S7,Pack Infographies Développement Durable — S7,1.1,French,,Published,2021-04-16,2023-04-07,2024-02-13,2026-05-18,This media content covers compliance for executive committee. It provides engaging storytelling and brand alignment across digital channels.,Campaign Management,Clients,Public,Annual,innovation;awareness;social;media,Yes,No,https://intranet.bnpparibas.com/media/157,Digital Day,Head of Comms,APAC;Middle East,Arval;BNP Paribas CIB;Hello bank!,Medium-term,Client Request,,digital;innovation;brand;campaign
MED_158,Innovation,Client Experience,Mass Mailing;Podcast Platform;Teams,Awareness Campaign,Live Stream,Press & Media,Press & Media,Press & Media,Brand Guidelines Video — S7,Vidéo Charte de la Marque — S7,1.2,French,English;German,Draft,2021-10-02,2024-01-20,2025-01-01,2026-08-20,This media content covers innovation for clients. It provides engaging storytelling and brand alignment across digital channels.,Brand Management;Content Production;Communication,Board;Managers,Confidential,Ad hoc,engagement;media;brand;communication,N/A,Yes,https://sharepoint.bnpparibas.com/media/158,Product Launch,CEO;Head of Comms,LATAM,BNP Paribas SA;Arval,Short-term,Regulatory Change,Employee Engagement,digital;social;engagement
MED_159,ESG,Data & AI;People & Culture,YouTube;Intranet,Event Coverage,Infographic,Marketing,Press & Media,IT Operations,Client Experience Story Series — S7,Série Story Expérience Client — S7,1.1,French,,Published,2022-08-29,2024-03-16,2024-11-22,2025-09-23,This media content covers esg for clients. It provides engaging storytelling and brand alignment across digital channels.,Campaign Management;Content Production;Digital Publishing,Board;Public;Clients,Restricted,Quarterly,campaign;content,N/A,Yes,https://youtube.bnpparibas.com/159,ESG Summit,Head of Comms,Europe,BNP Paribas CIB;Cetelem;BNP Paribas Cardif,Short-term,,Brand Awareness,ESG;social;campaign;content
MED_160,ESG,Risk Management,SharePoint;Social Media,Event Coverage,Interactive Content,Employee Engagement,Social Media,HR,Data & AI Awareness Campaign — S7,Campagne Sensibilisation Data & IA — S7,4.1,French,German;Spanish,Published,2022-11-13,2023-11-05,2025-02-01,2025-12-28,This media content covers esg for partners. It provides engaging storytelling and brand alignment across digital channels.,Brand Management;Digital Publishing;Campaign Management,Board;Executive Committee,Internal,Ad hoc,content;brand,No,Yes,https://sharepoint.bnpparibas.com/media/160,Townhall,CDO,Middle East;Americas,Cetelem;Hello bank!;Nickel,Immediate,Client Request,Brand Awareness,content;innovation;engagement
MED_161,Compliance,Innovation;Digital Transformation,Podcast Platform,Training Series,Podcast,Press & Media,Strategy,Communication,Townhall Live Stream 2024 — S7,Live Stream Townhall 2024 — S7,2.2,English,Spanish;French;English,Archived,2021-04-21,2023-07-15,2025-01-12,2026-12-10,This media content covers compliance for public. It provides engaging storytelling and brand alignment across digital channels.,Stakeholder Engagement,Partners,Restricted,Weekly,innovation;digital,N/A,No,https://sharepoint.bnpparibas.com/media/161,Brand Event,CDO;CEO,France;Americas,BNP Paribas SA;Arval,,Client Request,Compliance,ESG;engagement
MED_162,People & Culture,Innovation;Client Experience,Podcast Platform;Mass Mailing;Intranet,Training Series,Email,HR,HR,HR,Green Finance Email Campaign — S7,Campagne Email Finance Verte — S7,4.1,French,German;Italian;Spanish,Archived,2021-07-05,2023-01-12,2024-04-02,2025-09-03,This media content covers people & culture for regulators. It provides engaging storytelling and brand alignment across digital channels.,Campaign Management;Stakeholder Engagement;Digital Publishing,Regulators;Partners;Managers,Internal,Monthly,ESG;content;engagement;social,No,Yes,,ESG Summit,,France,Arval;Cetelem,Short-term,Internal Initiative,,content;media
MED_163,Compliance,Digital Transformation,Mass Mailing,External Campaign,Podcast,Employee Engagement,Strategy,HR,People & Culture Podcast — S7,Podcast Personnes & Culture — S7,4.2,English,,Under Review,2021-07-22,2024-01-21,2024-07-19,2025-11-02,This media content covers compliance for clients. It provides engaging storytelling and brand alignment across digital channels.,Content Production;Brand Management;Campaign Management,Partners;All Employees,Internal,One-time,digital;engagement;campaign;innovation;brand,N/A,No,https://intranet.bnpparibas.com/media/163,Brand Event,Head of Comms;CMO,France;LATAM,BNP Paribas Cardif,Medium-term,,,transformation;digital
MED_164,Digital Transformation,Risk Management,Mass Mailing;SharePoint;YouTube,Training Series,Interactive Content,Press & Media,Communication,IT Operations,Cybersecurity Awareness Month — S7,Mois Sensibilisation Cybersécurité — S7,3.1,English,Italian;Spanish,Draft,2021-07-12,2023-09-03,2024-05-15,2025-10-24,This media content covers digital transformation for all employees. It provides engaging storytelling and brand alignment across digital channels.,Brand Management;Campaign Management,Board,Public,Weekly,social;brand;campaign;innovation;digital,N/A,Yes,,ESG Summit,,Americas,Cetelem;Arval;Hello bank!,Short-term,Internal Initiative,Compliance,digital;transformation
MED_165,Risk Management,Client Experience,YouTube;Teams,Product Launch,Live Stream,Communication,Marketing,Data Office,EXCO Strategy Presentation Video — S7,Vidéo Présentation COMEX Stratégie — S7,2.2,French,,Archived,2021-10-18,2023-10-09,2024-11-11,2025-09-30,This media content covers risk management for executive committee. It provides engaging storytelling and brand alignment across digital channels.,Campaign Management;Stakeholder Engagement;Content Production,Managers;Regulators,Restricted,Annual,digital;ESG,In Progress,Yes,https://intranet.bnpparibas.com/media/165,Digital Day,,Global,Nickel,Immediate,,Compliance,content;brand;social
MED_166,Data & AI,Finance,Podcast Platform,Product Launch,Live Stream,Brand,Strategy,Social Media,Diversity & Inclusion Campaign — S7,Campagne Diversité & Inclusion — S7,3.1,French,Spanish;English,Approved,2023-03-18,2024-11-13,2024-09-08,2026-09-17,This media content covers data & ai for clients. It provides engaging storytelling and brand alignment across digital channels.,Stakeholder Engagement;Content Production;Digital Publishing,Public,Public,Monthly,brand;digital;transformation;campaign,In Progress,No,https://youtube.bnpparibas.com/166,Brand Event,CDO,Americas,BNP Paribas SA;Hello bank!;BNP Paribas Cardif,Short-term,Internal Initiative,,innovation;ESG;digital;communication
MED_167,Operations,Finance;People & Culture,Podcast Platform,Product Launch,Article,Marketing,Communication,HR,FinTech Innovation Series — S7,Série Innovation Fintech — S7,3.1,French,,Active,2021-05-01,2023-01-19,2024-03-08,2025-10-11,This media content covers operations for public. It provides engaging storytelling and brand alignment across digital channels.,Campaign Management,All Employees;Partners,Restricted,Monthly,media;campaign;communication;ESG,Yes,Yes,https://sharepoint.bnpparibas.com/media/167,Townhall,,Europe,BNP Paribas CIB;Hello bank!,Medium-term,,,engagement;digital;media;content
MED_168,Innovation,Client Experience;Operations,SharePoint;Teams,Brand Content,Email,IT Operations,Employee Engagement,Data Office,Risk Management Webinar — S7,Webinaire Gestion des Risques — S7,3.2,English,English,Archived,2021-04-15,2024-10-09,2024-07-14,2026-04-12,This media content covers innovation for all employees. It provides engaging storytelling and brand alignment across digital channels.,Campaign Management;Brand Management,All Employees;Clients,Public,Annual,content;ESG,Yes,Yes,,ESG Summit,,Americas;Middle East,BNP Paribas SA;Nickel,Immediate,Client Request,Client Acquisition,transformation;content
MED_169,ESG,People & Culture,Corporate Website;YouTube;Intranet,Event Coverage,Video,Data Office,Employee Engagement,Strategy,Internal Brand Refresh Campaign — S7,Campagne Rafraîchissement Marque Interne — S7,4.0,French,English,Archived,2021-11-27,2024-09-21,2025-01-13,2025-09-11,This media content covers esg for partners. It provides engaging storytelling and brand alignment across digital channels.,Digital Publishing;Communication,Managers,Confidential,Ad hoc,campaign;digital;ESG,Yes,No,https://intranet.bnpparibas.com/media/169,ESG Summit,,France;Americas,Arval;BNP Paribas CIB;Nickel,Immediate,Client Request,Client Acquisition,ESG;communication
MED_170,Data & AI,Compliance;Risk Management,Social Media;Podcast Platform,Editorial Series,Interactive Content,Social Media,Brand,Press & Media,Client Onboarding Digital Journey — S7,Parcours Digital Onboarding Client — S7,2.1,English,English,Published,2022-11-25,2024-06-05,2024-06-26,2025-12-08,This media content covers data & ai for regulators. It provides engaging storytelling and brand alignment across digital channels.,Brand Management;Digital Publishing,Board;Partners;All Employees,Public,Ad hoc,media;transformation;innovation;campaign,N/A,Yes,,Annual Results,CIO;CEO,LATAM,Nickel;BNP Paribas SA,,Internal Initiative,Brand Awareness,awareness;transformation;ESG
MED_171,Digital Transformation,Compliance;Client Experience,Podcast Platform;Mass Mailing,Product Launch,Infographic,HR,Employee Engagement,Employee Engagement,ESG Reporting Interactive Tool — S7,Outil Interactif Reporting ESG — S7,2.0,English,,Archived,2022-09-13,2024-02-09,2025-02-18,2026-12-27,This media content covers digital transformation for clients. It provides engaging storytelling and brand alignment across digital channels.,Communication;Brand Management,Executive Committee;Partners,Restricted,Quarterly,communication;media;social,N/A,Yes,,,,France,Cetelem;Hello bank!;BNP Paribas CIB,,,Client Acquisition,ESG;content;campaign
MED_172,People & Culture,Data & AI;Finance,Podcast Platform,Training Series,Webinar,Social Media,Strategy,Marketing,Employee Engagement Survey Campaign — S7,Campagne Enquête Engagement Collaborateurs — S7,3.1,English,,Active,2022-03-14,2024-09-15,2024-02-24,2025-10-22,This media content covers people & culture for clients. It provides engaging storytelling and brand alignment across digital channels.,Brand Management;Campaign Management,Partners,Restricted,Ad hoc,digital;content;awareness;media;campaign,In Progress,No,,Digital Day,Head of Comms;CEO,Global;Europe,BNP Paribas Cardif,Long-term,Market Evolution,Compliance,social;brand;media
MED_173,Compliance,Operations,YouTube;Intranet,Product Launch,Webinar,Strategy,Strategy,Strategy,Digital Banking Infographic — S7,Infographie Banque Digitale — S7,3.0,French,Italian,Archived,2022-09-07,2024-12-13,2024-03-23,2025-12-28,This media content covers compliance for regulators. It provides engaging storytelling and brand alignment across digital channels.,Campaign Management;Brand Management;Content Production,Managers,Internal,Quarterly,brand;engagement;campaign;innovation;transformation,In Progress,Yes,https://youtube.bnpparibas.com/173,Digital Day,,Middle East,BNP Paribas Cardif;Cetelem,Short-term,,,content;brand;awareness;media
MED_174,Finance,Client Experience,Teams;Mass Mailing,External Campaign,Campaign,HR,HR,Communication,AML Awareness Series — S7,Série Sensibilisation LCB-FT — S7,4.0,French,French,Approved,2022-09-25,2023-09-19,2025-04-01,2026-07-05,This media content covers finance for board. It provides engaging storytelling and brand alignment across digital channels.,Brand Management;Digital Publishing,Clients;All Employees;Executive Committee,Confidential,Weekly,digital;campaign;media,In Progress,Yes,,Townhall,CIO,Middle East,BNP Paribas Cardif;BNP Paribas SA,Short-term,Market Evolution,Client Acquisition,ESG;brand;digital
MED_175,ESG,Data & AI,YouTube;SharePoint,Awareness Campaign,Video,HR,Social Media,Employee Engagement,Corporate Social Responsibility Report Video — S7,Vidéo Rapport Responsabilité Sociale des Entreprises — S7,4.0,French,German,Archived,2022-09-18,2023-06-04,2024-12-06,2026-05-07,This media content covers esg for partners. It provides engaging storytelling and brand alignment across digital channels.,Communication,Board;Managers,Public,One-time,engagement;awareness,In Progress,Yes,https://intranet.bnpparibas.com/media/175,ESG Summit,,Middle East;Europe,BNP Paribas SA;BNP Paribas CIB;BNP Paribas Cardif,,,,innovation;social;digital
MED_176,Data & AI,Compliance;Operations,Teams;Mass Mailing,Brand Content,Story,Social Media,HR,Social Media,ESG Social Media Campaign 2024 — S8,Campagne Réseaux Sociaux ESG 2024 — S8,3.0,French,Italian;German;Spanish,Draft,2021-12-18,2023-08-21,2025-04-21,2026-02-24,This media content covers data & ai for all employees. It provides engaging storytelling and brand alignment across digital channels.,Stakeholder Engagement;Communication,Executive Committee;Regulators;Managers,Confidential,Weekly,engagement;awareness;brand;ESG,Yes,No,,,,Middle East;APAC,Arval,,Client Request,,social;awareness;ESG
MED_177,People & Culture,Innovation;Operations,YouTube;Teams;Intranet,Training Series,Webinar,Employee Engagement,Brand,Social Media,Digital Transformation Intranet Series — S8,Série Intranet Transformation Digitale — S8,1.1,English,,Published,2023-05-08,2023-05-01,2025-02-11,2025-12-20,This media content covers people & culture for partners. It provides engaging storytelling and brand alignment across digital channels.,Stakeholder Engagement,Partners;Public;Executive Committee,Confidential,Quarterly,campaign;content;innovation;transformation;communication,N/A,Yes,https://intranet.bnpparibas.com/media/177,ESG Summit,,Europe,Cetelem,,,,transformation;awareness
MED_178,Digital Transformation,Data & AI;Compliance,Mass Mailing,Editorial Series,Story,Communication,Strategy,HR,Compliance Awareness Podcast — S8,Podcast Sensibilisation Conformité — S8,1.1,French,French,Approved,2021-07-28,2024-04-25,2024-05-14,2026-08-12,This media content covers digital transformation for partners. It provides engaging storytelling and brand alignment across digital channels.,Campaign Management,Regulators;Partners;Managers,Public,Ad hoc,content;social,In Progress,Yes,https://intranet.bnpparibas.com/media/178,Brand Event,,Europe;Americas,Nickel;BNP Paribas Cardif,Short-term,Internal Initiative,Employee Engagement,media;engagement
MED_179,Compliance,Risk Management;Operations,Intranet,Event Coverage,Email,HR,Brand,Strategy,Annual Results Video Campaign — S8,Campagne Vidéo Résultats Annuels — S8,1.0,French,French,Active,2022-12-24,2023-09-12,2024-04-29,2025-12-16,This media content covers compliance for managers. It provides engaging storytelling and brand alignment across digital channels.,Digital Publishing;Brand Management,Executive Committee,Confidential,One-time,communication;media,Yes,Yes,,Townhall,Head of Comms;CEO,APAC;Europe,BNP Paribas CIB;BNP Paribas SA,,Market Evolution,,social;media
MED_180,Digital Transformation,Finance;Compliance,YouTube;Podcast Platform;Teams,External Campaign,Article,HR,HR,Brand,HR Onboarding Webinar Series — S8,Série Webinaires Onboarding RH — S8,4.2,English,,Draft,2022-12-18,2024-05-13,2024-12-27,2026-12-13,This media content covers digital transformation for all employees. It provides engaging storytelling and brand alignment across digital channels.,Campaign Management,Executive Committee;Clients,Restricted,One-time,awareness;media,In Progress,Yes,,Brand Event,CIO;CEO,France;Middle East,Hello bank!;BNP Paribas Cardif,Medium-term,Strategic Decision,,media;social;brand;awareness
MED_181,People & Culture,Operations,Social Media,Training Series,Email,Press & Media,Data Office,Social Media,Innovation Lab Showcase — S8,Showcase Lab Innovation — S8,1.0,English,Italian,Under Review,2023-03-07,2024-09-24,2024-10-04,2025-06-08,This media content covers people & culture for board. It provides engaging storytelling and brand alignment across digital channels.,Content Production;Stakeholder Engagement,Public;Board,Public,Monthly,awareness;social;communication,N/A,No,https://sharepoint.bnpparibas.com/media/181,,,Global,BNP Paribas CIB,Long-term,Internal Initiative,Brand Awareness,transformation;engagement;brand;ESG
MED_182,Operations,Innovation;Finance,Teams;YouTube,Event Coverage,Story,HR,Strategy,Employee Engagement,Sustainability Infographic Pack — S8,Pack Infographies Développement Durable — S8,3.0,English,,Archived,2021-09-12,2023-03-04,2025-04-10,2026-12-14,This media content covers operations for all employees. It provides engaging storytelling and brand alignment across digital channels.,Digital Publishing;Campaign Management,Board,Public,One-time,awareness;social,In Progress,No,https://sharepoint.bnpparibas.com/media/182,,CIO,Europe,BNP Paribas CIB;BNP Paribas SA,Immediate,,,social;ESG;media;brand
MED_183,Innovation,ESG,Corporate Website;SharePoint,Product Launch,Infographic,Employee Engagement,Employee Engagement,Data Office,Brand Guidelines Video — S8,Vidéo Charte de la Marque — S8,1.0,French,English;Spanish,Archived,2021-04-17,2024-04-23,2024-10-28,2026-02-14,This media content covers innovation for regulators. It provides engaging storytelling and brand alignment across digital channels.,Digital Publishing,Board;Executive Committee;Partners,Internal,Quarterly,digital;content,Yes,No,https://youtube.bnpparibas.com/183,Product Launch,,Europe,Cetelem;Nickel;Arval,Long-term,Strategic Decision,Brand Awareness,digital;innovation;transformation
MED_184,Finance,Digital Transformation,Mass Mailing;Social Media,Training Series,Story,Social Media,Press & Media,HR,Client Experience Story Series — S8,Série Story Expérience Client — S8,2.0,English,,Published,2021-09-23,2023-09-06,2025-02-26,2026-10-27,This media content covers finance for public. It provides engaging storytelling and brand alignment across digital channels.,Campaign Management;Brand Management,Executive Committee;Clients;Managers,Internal,Ad hoc,social;ESG;communication;innovation;campaign,In Progress,No,,Product Launch,,LATAM;Americas,Cetelem;Hello bank!,Medium-term,,Cost Reduction,digital;content;engagement;brand
MED_185,Innovation,Data & AI,Podcast Platform;Social Media;Corporate Website,Product Launch,Podcast,Communication,Communication,Strategy,Data & AI Awareness Campaign — S8,Campagne Sensibilisation Data & IA — S8,3.1,French,,Archived,2022-07-19,2023-12-05,2024-10-16,2025-06-28,This media content covers innovation for regulators. It provides engaging storytelling and brand alignment across digital channels.,Content Production,Public;Managers,Confidential,Quarterly,ESG;digital,In Progress,No,,,Head of Comms;CEO,APAC;LATAM,Nickel;Arval;BNP Paribas SA,Medium-term,Strategic Decision,Brand Awareness,content;innovation
MED_186,Digital Transformation,Compliance;Client Experience,Teams;Podcast Platform;Corporate Website,Editorial Series,Infographic,IT Operations,HR,Marketing,Townhall Live Stream 2024 — S8,Live Stream Townhall 2024 — S8,1.2,French,French;Italian,Draft,2022-01-14,2025-01-29,2025-02-28,2025-11-01,This media content covers digital transformation for clients. It provides engaging storytelling and brand alignment across digital channels.,Campaign Management,All Employees;Executive Committee,Internal,Quarterly,digital;engagement;ESG,In Progress,Yes,https://intranet.bnpparibas.com/media/186,Brand Event,,Europe,BNP Paribas SA;BNP Paribas Cardif;Hello bank!,,Strategic Decision,,ESG;social;media;campaign
MED_187,Finance,ESG;Digital Transformation,Podcast Platform;Intranet,Training Series,Live Stream,Social Media,IT Operations,Marketing,Green Finance Email Campaign — S8,Campagne Email Finance Verte — S8,1.0,English,,Under Review,2022-02-13,2023-07-09,2025-02-07,2026-08-19,This media content covers finance for executive committee. It provides engaging storytelling and brand alignment across digital channels.,Campaign Management;Brand Management;Stakeholder Engagement,Clients,Public,Ad hoc,awareness;transformation;ESG;digital;content,No,No,,Annual Results,CDO;CMO,Americas;LATAM,Cetelem;BNP Paribas CIB;BNP Paribas Cardif,,Client Request,Cost Reduction,digital;awareness;innovation
MED_188,Risk Management,Compliance,Teams,Event Coverage,Video,Communication,HR,Brand,People & Culture Podcast — S8,Podcast Personnes & Culture — S8,3.0,English,Spanish,Under Review,2021-01-14,2023-03-28,2025-01-17,2026-06-06,This media content covers risk management for clients. It provides engaging storytelling and brand alignment across digital channels.,Brand Management,All Employees;Public,Restricted,Quarterly,campaign;media,N/A,Yes,https://youtube.bnpparibas.com/188,,CEO;CIO,APAC;LATAM,BNP Paribas Cardif,Medium-term,Strategic Decision,,engagement;brand
MED_189,Digital Transformation,Finance;People & Culture,YouTube;Teams;Mass Mailing,Internal Campaign,Email,Marketing,HR,Communication,Cybersecurity Awareness Month — S8,Mois Sensibilisation Cybersécurité — S8,4.0,English,,Approved,2022-05-18,2024-09-09,2024-10-04,2026-07-25,This media content covers digital transformation for regulators. It provides engaging storytelling and brand alignment across digital channels.,Stakeholder Engagement,Managers;All Employees,Public,One-time,social;campaign;transformation;communication,N/A,No,,ESG Summit,CEO,France;Middle East,Hello bank!;Nickel;Arval,Long-term,Market Evolution,Compliance,ESG;social
MED_190,Finance,ESG;People & Culture,YouTube;Intranet,Internal Campaign,Infographic,IT Operations,Brand,Social Media,EXCO Strategy Presentation Video — S8,Vidéo Présentation COMEX Stratégie — S8,1.1,French,,Active,2021-03-05,2023-07-23,2024-01-22,2025-11-22,This media content covers finance for all employees. It provides engaging storytelling and brand alignment across digital channels.,Communication;Stakeholder Engagement,Regulators;Board;Public,Internal,Monthly,digital;communication;content,Yes,No,https://intranet.bnpparibas.com/media/190,ESG Summit,,Global;Americas,BNP Paribas SA,Medium-term,,Brand Awareness,social;innovation;campaign;communication
MED_191,Compliance,Finance,Intranet;Podcast Platform,Event Coverage,Podcast,Employee Engagement,Press & Media,Press & Media,Diversity & Inclusion Campaign — S8,Campagne Diversité & Inclusion — S8,3.1,English,Italian,Active,2022-10-27,2025-01-27,2024-03-28,2025-06-30,This media content covers compliance for clients. It provides engaging storytelling and brand alignment across digital channels.,Brand Management;Content Production,Regulators;Partners;Board,Restricted,Quarterly,content;transformation;ESG;media,In Progress,No,https://sharepoint.bnpparibas.com/media/191,Annual Results,,APAC;Global,BNP Paribas SA;Nickel;BNP Paribas Cardif,,Client Request,Client Acquisition,ESG;brand;engagement
MED_192,Digital Transformation,Finance,Mass Mailing,Brand Content,Video,HR,Brand,IT Operations,FinTech Innovation Series — S8,Série Innovation Fintech — S8,3.0,French,French,Under Review,2021-10-03,2023-06-12,2024-02-07,2025-12-18,This media content covers digital transformation for executive committee. It provides engaging storytelling and brand alignment across digital channels.,Campaign Management;Communication,Board,Confidential,Monthly,campaign;communication,No,No,,Brand Event,CDO;CIO,APAC;Middle East,Hello bank!;BNP Paribas CIB;Arval,,Regulatory Change,Client Acquisition,campaign;content;media
MED_193,Risk Management,Digital Transformation;Data & AI,SharePoint,Event Coverage,Webinar,Employee Engagement,HR,Brand,Risk Management Webinar — S8,Webinaire Gestion des Risques — S8,2.0,English,English;French;Italian,Active,2021-05-23,2023-08-20,2024-10-04,2026-09-23,This media content covers risk management for managers. It provides engaging storytelling and brand alignment across digital channels.,Communication;Content Production,Public;Board,Internal,Annual,transformation;innovation,Yes,Yes,,ESG Summit,CMO;CIO,Europe,BNP Paribas SA,Long-term,Strategic Decision,Employee Engagement,ESG;engagement
MED_194,ESG,Innovation;Operations,Podcast Platform;SharePoint,Internal Campaign,Video,Data Office,Strategy,Brand,Internal Brand Refresh Campaign — S8,Campagne Rafraîchissement Marque Interne — S8,2.1,French,,Archived,2023-03-18,2025-02-19,2024-06-24,2025-09-26,This media content covers esg for regulators. It provides engaging storytelling and brand alignment across digital channels.,Content Production;Campaign Management,Clients,Internal,Weekly,engagement;brand;ESG;digital,N/A,No,https://sharepoint.bnpparibas.com/media/194,,CIO;CEO,Europe;France,Arval,,Regulatory Change,Cost Reduction,digital;innovation;awareness
MED_195,Innovation,People & Culture;Client Experience,YouTube;Podcast Platform;Teams,Editorial Series,Live Stream,Brand,Brand,Communication,Client Onboarding Digital Journey — S8,Parcours Digital Onboarding Client — S8,1.0,French,,Draft,2021-02-19,2024-06-13,2025-03-23,2026-12-05,This media content covers innovation for all employees. It provides engaging storytelling and brand alignment across digital channels.,Brand Management;Digital Publishing;Stakeholder Engagement,Partners;Regulators;Board,Restricted,Annual,ESG;brand,Yes,No,,,Head of Comms;CMO,Global,BNP Paribas SA;BNP Paribas Cardif;BNP Paribas CIB,,Regulatory Change,,digital;transformation;campaign
MED_196,Compliance,ESG;Operations,Teams;Intranet;Corporate Website,Training Series,Infographic,Marketing,Press & Media,Employee Engagement,ESG Reporting Interactive Tool — S8,Outil Interactif Reporting ESG — S8,3.1,English,Spanish;French,Under Review,2023-01-28,2023-12-29,2024-02-26,2026-05-01,This media content covers compliance for managers. It provides engaging storytelling and brand alignment across digital channels.,Brand Management;Stakeholder Engagement;Content Production,All Employees,Confidential,Ad hoc,engagement;communication;brand;media,N/A,Yes,,,,LATAM,Arval;BNP Paribas SA;BNP Paribas Cardif,Short-term,Market Evolution,Brand Awareness,brand;digital
MED_197,Data & AI,Digital Transformation,Mass Mailing;Teams,Event Coverage,Infographic,Social Media,Brand,Communication,Employee Engagement Survey Campaign — S8,Campagne Enquête Engagement Collaborateurs — S8,4.0,English,Italian;French,Archived,2022-06-23,2025-01-11,2024-07-30,2026-09-15,This media content covers data & ai for clients. It provides engaging storytelling and brand alignment across digital channels.,Digital Publishing;Content Production,Clients;Public,Internal,Monthly,awareness;innovation,In Progress,Yes,,Product Launch,CDO,Europe,Arval;BNP Paribas CIB,Immediate,Regulatory Change,Cost Reduction,brand;transformation
MED_198,People & Culture,Data & AI;Digital Transformation,Intranet,Event Coverage,Webinar,Data Office,Social Media,Strategy,Digital Banking Infographic — S8,Infographie Banque Digitale — S8,3.2,English,,Published,2023-02-23,2023-08-18,2024-11-03,2026-08-26,This media content covers people & culture for managers. It provides engaging storytelling and brand alignment across digital channels.,Brand Management;Stakeholder Engagement,All Employees;Executive Committee;Partners,Public,Annual,media;campaign;transformation;awareness;communication,In Progress,No,https://intranet.bnpparibas.com/media/198,,CDO;CEO,Middle East;Global,BNP Paribas CIB;BNP Paribas SA;Nickel,Immediate,Internal Initiative,,content;campaign;social
MED_199,Client Experience,Finance;Risk Management,Corporate Website,Editorial Series,Campaign,Strategy,Brand,Social Media,AML Awareness Series — S8,Série Sensibilisation LCB-FT — S8,1.0,French,German;French,Approved,2021-09-22,2023-01-22,2024-02-23,2026-07-25,This media content covers client experience for public. It provides engaging storytelling and brand alignment across digital channels.,Communication;Digital Publishing,Partners;Public,Internal,Monthly,campaign;digital,Yes,Yes,https://sharepoint.bnpparibas.com/media/199,Townhall,CIO;CEO,Middle East,Arval;BNP Paribas CIB,Medium-term,Strategic Decision,,social;content;engagement
MED_200,Operations,Compliance,Teams,Product Launch,Article,Social Media,Employee Engagement,Communication,Corporate Social Responsibility Report Video — S8,Vidéo Rapport Responsabilité Sociale des Entreprises — S8,1.0,English,,Archived,2023-04-02,2024-09-25,2025-04-13,2025-11-27,This media content covers operations for clients. It provides engaging storytelling and brand alignment across digital channels.,Communication;Digital Publishing;Brand Management,Executive Committee;Public,Confidential,Quarterly,communication;innovation;digital;media,In Progress,Yes,https://intranet.bnpparibas.com/media/200,Digital Day,,Middle East,BNP Paribas SA,Long-term,Market Evolution,Cost Reduction,content;engagement;awareness;innovation
MED_201,Finance,Digital Transformation;Compliance,YouTube,Editorial Series,Podcast,Brand,Employee Engagement,Strategy,ESG Social Media Campaign 2024 — S9,Campagne Réseaux Sociaux ESG 2024 — S9,4.1,French,Spanish,Approved,2022-05-17,2024-06-28,2024-07-01,2026-04-14,This media content covers finance for regulators. It provides engaging storytelling and brand alignment across digital channels.,Campaign Management;Communication;Stakeholder Engagement,Public;Board,Public,Annual,digital;campaign;innovation;brand,Yes,No,,ESG Summit,Head of Comms;CEO,APAC;LATAM,Hello bank!;Nickel,Short-term,Market Evolution,Client Acquisition,social;ESG;awareness
MED_202,Innovation,ESG,Podcast Platform,Editorial Series,Infographic,Employee Engagement,Press & Media,IT Operations,Digital Transformation Intranet Series — S9,Série Intranet Transformation Digitale — S9,2.1,English,,Draft,2023-02-12,2023-10-13,2024-03-19,2026-11-27,This media content covers innovation for clients. It provides engaging storytelling and brand alignment across digital channels.,Stakeholder Engagement,All Employees,Internal,One-time,campaign;media;communication;digital,N/A,Yes,https://sharepoint.bnpparibas.com/media/202,Annual Results,,LATAM;Americas,BNP Paribas SA,Long-term,,,innovation;content;media;transformation
MED_203,Client Experience,People & Culture,Teams;Podcast Platform,Training Series,Email,Marketing,IT Operations,Strategy,Compliance Awareness Podcast — S9,Podcast Sensibilisation Conformité — S9,3.0,French,,Published,2023-06-06,2023-05-27,2025-01-24,2026-12-26,This media content covers client experience for board. It provides engaging storytelling and brand alignment across digital channels.,Stakeholder Engagement,Board,Confidential,Quarterly,digital;transformation;engagement,No,No,https://youtube.bnpparibas.com/203,,CEO;CDO,France,Cetelem;Nickel,Long-term,Client Request,Client Acquisition,communication;brand;innovation;awareness
MED_204,Client Experience,Digital Transformation,Social Media;Mass Mailing,Internal Campaign,Story,Data Office,Press & Media,HR,Annual Results Video Campaign — S9,Campagne Vidéo Résultats Annuels — S9,4.1,French,,Under Review,2021-08-12,2024-11-30,2024-06-13,2026-08-19,This media content covers client experience for clients. It provides engaging storytelling and brand alignment across digital channels.,Stakeholder Engagement;Content Production;Digital Publishing,Clients;All Employees;Public,Confidential,Weekly,engagement;digital;communication;ESG;campaign,N/A,Yes,,Product Launch,,LATAM;Middle East,BNP Paribas CIB;Nickel;Hello bank!,Long-term,,Compliance,awareness;content;engagement;transformation
MED_205,Operations,Compliance,Corporate Website,Event Coverage,Campaign,Data Office,Employee Engagement,Employee Engagement,HR Onboarding Webinar Series — S9,Série Webinaires Onboarding RH — S9,1.1,French,,Published,2023-05-28,2023-02-25,2024-08-21,2025-07-18,This media content covers operations for public. It provides engaging storytelling and brand alignment across digital channels.,Brand Management;Campaign Management;Digital Publishing,Board;Partners,Confidential,One-time,innovation;ESG;content,No,Yes,https://intranet.bnpparibas.com/media/205,Digital Day,CEO;CMO,Middle East,BNP Paribas Cardif;BNP Paribas CIB;BNP Paribas SA,,Market Evolution,,awareness;digital;engagement
MED_206,Operations,Compliance,Corporate Website,Event Coverage,Interactive Content,IT Operations,HR,IT Operations,Innovation Lab Showcase — S9,Showcase Lab Innovation — S9,1.2,French,German;French;Italian,Under Review,2023-06-15,2023-11-12,2025-02-15,2026-07-04,This media content covers operations for clients. It provides engaging storytelling and brand alignment across digital channels.,Campaign Management;Stakeholder Engagement,All Employees;Board,Public,Quarterly,engagement;campaign;communication,N/A,Yes,https://sharepoint.bnpparibas.com/media/206,Brand Event,CEO;CIO,LATAM,Cetelem,Medium-term,Market Evolution,Compliance,campaign;transformation;innovation
MED_207,Finance,Client Experience;Compliance,Podcast Platform,External Campaign,Webinar,Communication,Social Media,Press & Media,Sustainability Infographic Pack — S9,Pack Infographies Développement Durable — S9,4.0,English,French,Archived,2023-01-13,2025-01-01,2024-08-03,2026-01-04,This media content covers finance for executive committee. It provides engaging storytelling and brand alignment across digital channels.,Content Production,Executive Committee;Regulators;Clients,Public,Ad hoc,media;engagement;awareness,No,No,https://sharepoint.bnpparibas.com/media/207,Brand Event,,Middle East;LATAM,Cetelem,Immediate,Market Evolution,Client Acquisition,ESG;brand
MED_208,Innovation,People & Culture;Digital Transformation,SharePoint,Brand Content,Podcast,Brand,IT Operations,Employee Engagement,Brand Guidelines Video — S9,Vidéo Charte de la Marque — S9,4.1,English,,Under Review,2021-06-06,2023-08-24,2024-05-03,2025-07-24,This media content covers innovation for managers. It provides engaging storytelling and brand alignment across digital channels.,Content Production,Public,Public,Quarterly,digital;brand;campaign,N/A,Yes,https://intranet.bnpparibas.com/media/208,Annual Results,,Americas;Global,BNP Paribas SA;Cetelem,Long-term,Client Request,Brand Awareness,media;engagement;communication
MED_209,Operations,People & Culture;Finance,Mass Mailing;Teams,Internal Campaign,Infographic,Communication,Employee Engagement,Strategy,Client Experience Story Series — S9,Série Story Expérience Client — S9,2.0,English,English,Draft,2023-04-29,2023-07-29,2025-01-12,2025-07-24,This media content covers operations for public. It provides engaging storytelling and brand alignment across digital channels.,Digital Publishing;Campaign Management;Stakeholder Engagement,Regulators;Managers,Internal,Ad hoc,awareness;engagement;digital;brand;social,N/A,No,https://youtube.bnpparibas.com/209,Digital Day,,Europe;Global,Hello bank!;Arval,Long-term,Client Request,Employee Engagement,innovation;media
MED_210,People & Culture,ESG,Intranet;YouTube;Teams,Brand Content,Story,Communication,IT Operations,Communication,Data & AI Awareness Campaign — S9,Campagne Sensibilisation Data & IA — S9,4.0,English,Italian;Spanish,Archived,2021-02-13,2024-07-12,2024-07-12,2026-12-10,This media content covers people & culture for managers. It provides engaging storytelling and brand alignment across digital channels.,Content Production;Communication;Digital Publishing,Regulators;Managers;All Employees,Public,Quarterly,communication;engagement;awareness;digital,Yes,No,,Townhall,CIO,LATAM,Cetelem;Arval,Immediate,,Cost Reduction,innovation;content;engagement
MED_211,Finance,Innovation,Mass Mailing,Awareness Campaign,Infographic,IT Operations,Brand,Communication,Townhall Live Stream 2024 — S9,Live Stream Townhall 2024 — S9,2.2,English,,Draft,2023-05-31,2023-06-15,2024-09-12,2026-10-29,This media content covers finance for clients. It provides engaging storytelling and brand alignment across digital channels.,Stakeholder Engagement;Brand Management;Digital Publishing,Clients;Executive Committee,Confidential,Monthly,campaign;content;ESG;social,In Progress,Yes,https://youtube.bnpparibas.com/211,,,Europe,Cetelem;Arval,,Internal Initiative,,social;communication;awareness;transformation
MED_212,Compliance,Data & AI,Podcast Platform;Social Media,Training Series,Campaign,Social Media,Communication,Communication,Green Finance Email Campaign — S9,Campagne Email Finance Verte — S9,2.1,French,French,Published,2021-08-16,2024-12-24,2025-04-30,2026-07-26,This media content covers compliance for clients. It provides engaging storytelling and brand alignment across digital channels.,Content Production,Executive Committee,Confidential,Ad hoc,campaign;digital;awareness;innovation;content,In Progress,Yes,,ESG Summit,CEO,Middle East,BNP Paribas CIB;Cetelem;BNP Paribas SA,Long-term,Client Request,Cost Reduction,awareness;digital;communication;transformation
MED_213,Operations,People & Culture,YouTube,Training Series,Podcast,HR,Communication,Data Office,People & Culture Podcast — S9,Podcast Personnes & Culture — S9,3.1,French,English;Spanish,Draft,2022-11-25,2025-03-31,2024-11-09,2026-06-24,This media content covers operations for board. It provides engaging storytelling and brand alignment across digital channels.,Stakeholder Engagement;Brand Management;Communication,Partners,Internal,Monthly,awareness;campaign;transformation,No,Yes,,,CDO;CMO;Head of Comms,France,Hello bank!,Medium-term,Internal Initiative,Cost Reduction,innovation;content;communication;engagement
MED_214,Innovation,Operations;Digital Transformation,Social Media;Corporate Website;Intranet,Editorial Series,Live Stream,Press & Media,Communication,Employee Engagement,Cybersecurity Awareness Month — S9,Mois Sensibilisation Cybersécurité — S9,1.2,French,English,Archived,2023-02-27,2023-07-09,2024-09-18,2026-05-27,This media content covers innovation for all employees. It provides engaging storytelling and brand alignment across digital channels.,Communication,All Employees;Executive Committee;Regulators,Restricted,Weekly,awareness;social;digital;ESG;brand,N/A,Yes,https://sharepoint.bnpparibas.com/media/214,,CIO,Global;Americas,Arval;BNP Paribas CIB,,Internal Initiative,,engagement;transformation;awareness;campaign
MED_215,Data & AI,Client Experience;Operations,YouTube;SharePoint;Intranet,External Campaign,Email,Data Office,Marketing,Social Media,EXCO Strategy Presentation Video — S9,Vidéo Présentation COMEX Stratégie — S9,4.1,French,Spanish;English,Approved,2023-01-02,2024-03-02,2024-09-14,2026-05-16,This media content covers data & ai for managers. It provides engaging storytelling and brand alignment across digital channels.,Digital Publishing;Content Production,Board;All Employees;Partners,Public,Annual,media;engagement;ESG;transformation;social,No,Yes,,,CEO;CDO;CIO,Europe,Nickel;BNP Paribas Cardif,,,Brand Awareness,campaign;engagement;media;ESG
MED_216,Data & AI,Finance;ESG,YouTube;Podcast Platform,Brand Content,Video,Communication,Brand,Data Office,Diversity & Inclusion Campaign — S9,Campagne Diversité & Inclusion — S9,3.2,French,German,Archived,2023-04-14,2024-09-10,2025-03-18,2026-04-07,This media content covers data & ai for clients. It provides engaging storytelling and brand alignment across digital channels.,Content Production,Clients;Partners,Restricted,Quarterly,brand;communication;social;transformation;content,N/A,Yes,https://sharepoint.bnpparibas.com/media/216,,Head of Comms;CIO;CDO,APAC,Nickel;BNP Paribas CIB,Short-term,,Compliance,communication;digital;transformation
MED_217,Innovation,ESG,Mass Mailing,Training Series,Infographic,Brand,Employee Engagement,Marketing,FinTech Innovation Series — S9,Série Innovation Fintech — S9,4.0,French,,Under Review,2021-03-24,2024-03-17,2024-05-28,2025-10-08,This media content covers innovation for partners. It provides engaging storytelling and brand alignment across digital channels.,Brand Management;Stakeholder Engagement,Public,Internal,Monthly,ESG;communication;media,Yes,No,https://sharepoint.bnpparibas.com/media/217,ESG Summit,,Europe;Global,Hello bank!;Nickel,Immediate,,Employee Engagement,communication;content
MED_218,Operations,Digital Transformation;Compliance,SharePoint,Event Coverage,Story,Press & Media,Strategy,Data Office,Risk Management Webinar — S9,Webinaire Gestion des Risques — S9,3.0,English,,Archived,2022-07-14,2023-07-27,2024-03-14,2026-03-05,This media content covers operations for regulators. It provides engaging storytelling and brand alignment across digital channels.,Campaign Management;Digital Publishing,Clients,Restricted,Ad hoc,content;engagement;digital;campaign,Yes,No,https://youtube.bnpparibas.com/218,Product Launch,,LATAM,Hello bank!;BNP Paribas CIB;Cetelem,,Internal Initiative,Client Acquisition,social;content
MED_219,Risk Management,Innovation;Data & AI,Mass Mailing,Product Launch,Live Stream,HR,IT Operations,Social Media,Internal Brand Refresh Campaign — S9,Campagne Rafraîchissement Marque Interne — S9,1.1,English,,Approved,2022-04-28,2024-09-02,2024-01-17,2025-07-06,This media content covers risk management for clients. It provides engaging storytelling and brand alignment across digital channels.,Stakeholder Engagement;Campaign Management;Communication,Regulators;Partners,Confidential,Weekly,brand;awareness;engagement;digital;ESG,No,Yes,,Product Launch,,Middle East,Hello bank!;Cetelem,Medium-term,,Cost Reduction,awareness;content;innovation;social
MED_220,Client Experience,Compliance,Teams;YouTube;Corporate Website,External Campaign,Article,Employee Engagement,Press & Media,Brand,Client Onboarding Digital Journey — S9,Parcours Digital Onboarding Client — S9,2.1,French,,Active,2022-11-20,2024-08-15,2024-02-10,2026-07-15,This media content covers client experience for managers. It provides engaging storytelling and brand alignment across digital channels.,Stakeholder Engagement;Content Production;Campaign Management,Regulators;Public;Executive Committee,Public,One-time,engagement;digital,No,No,https://intranet.bnpparibas.com/media/220,ESG Summit,CIO;CEO,France;Global,BNP Paribas SA,Long-term,Strategic Decision,,communication;innovation;digital;content
MED_221,Operations,Compliance;ESG,Corporate Website,Brand Content,Campaign,Communication,Data Office,Press & Media,ESG Reporting Interactive Tool — S9,Outil Interactif Reporting ESG — S9,2.1,English,Spanish,Draft,2021-09-29,2023-06-18,2024-07-19,2025-11-11,This media content covers operations for partners. It provides engaging storytelling and brand alignment across digital channels.,Stakeholder Engagement;Digital Publishing;Campaign Management,Executive Committee,Public,Weekly,digital;social;brand,In Progress,No,https://intranet.bnpparibas.com/media/221,,,Middle East;Europe,BNP Paribas CIB;Hello bank!,Medium-term,,Employee Engagement,innovation;brand
MED_222,Data & AI,ESG;Innovation,SharePoint;Social Media,External Campaign,Email,Employee Engagement,IT Operations,Social Media,Employee Engagement Survey Campaign — S9,Campagne Enquête Engagement Collaborateurs — S9,1.0,English,German;Italian,Published,2023-05-17,2023-02-13,2024-09-09,2025-12-23,This media content covers data & ai for clients. It provides engaging storytelling and brand alignment across digital channels.,Stakeholder Engagement;Brand Management,Partners;Public,Restricted,Annual,content;media,In Progress,Yes,,,CMO,LATAM,Arval;BNP Paribas SA;Hello bank!,Short-term,,Brand Awareness,ESG;media
MED_223,Operations,People & Culture;Innovation,Corporate Website;SharePoint,Training Series,Podcast,Data Office,Strategy,Social Media,Digital Banking Infographic — S9,Infographie Banque Digitale — S9,2.2,French,,Published,2021-10-30,2024-11-29,2024-06-27,2025-12-30,This media content covers operations for executive committee. It provides engaging storytelling and brand alignment across digital channels.,Content Production;Stakeholder Engagement;Brand Management,Executive Committee;All Employees;Board,Internal,Annual,brand;communication;engagement,N/A,Yes,https://youtube.bnpparibas.com/223,Product Launch,,France,Arval,Long-term,,Brand Awareness,social;campaign;media
MED_224,Risk Management,Operations,Mass Mailing;SharePoint,Product Launch,Email,Strategy,Marketing,Data Office,AML Awareness Series — S9,Série Sensibilisation LCB-FT — S9,1.1,French,,Draft,2022-12-15,2023-05-01,2025-04-20,2026-12-10,This media content covers risk management for regulators. It provides engaging storytelling and brand alignment across digital channels.,Campaign Management,Executive Committee,Confidential,Annual,communication;media;campaign;brand;engagement,No,No,,,,France,Hello bank!,Immediate,Market Evolution,Cost Reduction,campaign;awareness;brand;media
MED_225,People & Culture,Finance;Risk Management,Mass Mailing,Brand Content,Email,Employee Engagement,Press & Media,Employee Engagement,Corporate Social Responsibility Report Video — S9,Vidéo Rapport Responsabilité Sociale des Entreprises — S9,3.0,English,,Active,2021-08-07,2023-08-13,2024-10-17,2026-04-18,This media content covers people & culture for all employees. It provides engaging storytelling and brand alignment across digital channels.,Campaign Management;Digital Publishing;Stakeholder Engagement,All Employees,Public,Annual,ESG;brand;campaign,N/A,Yes,,Brand Event,CDO,Europe;Middle East,Nickel;Cetelem,,,Cost Reduction,awareness;digital;social;ESG
MED_226,ESG,Data & AI;Innovation,Podcast Platform,Brand Content,Webinar,Press & Media,IT Operations,Data Office,ESG Social Media Campaign 2024 — S10,Campagne Réseaux Sociaux ESG 2024 — S10,3.1,English,German;English,Draft,2022-04-05,2024-08-16,2024-07-31,2026-07-06,This media content covers esg for managers. It provides engaging storytelling and brand alignment across digital channels.,Campaign Management;Stakeholder Engagement;Brand Management,Partners,Confidential,Monthly,content;brand;communication;awareness;innovation,No,No,,,,Global,Nickel;BNP Paribas SA;BNP Paribas Cardif,Long-term,,Client Acquisition,innovation;engagement;content
MED_227,Finance,Client Experience;Risk Management,Podcast Platform;Mass Mailing;Teams,Awareness Campaign,Video,Communication,Strategy,Employee Engagement,Digital Transformation Intranet Series — S10,Série Intranet Transformation Digitale — S10,2.1,English,,Draft,2022-03-21,2024-11-04,2024-10-15,2026-07-31,This media content covers finance for clients. It provides engaging storytelling and brand alignment across digital channels.,Content Production;Stakeholder Engagement,Regulators,Confidential,Ad hoc,brand;content;engagement,No,No,https://sharepoint.bnpparibas.com/media/227,Brand Event,,Americas;Global,Hello bank!;Nickel,Immediate,,Brand Awareness,campaign;transformation;media;engagement
MED_228,Risk Management,Digital Transformation,Mass Mailing;YouTube,Awareness Campaign,Video,Data Office,Data Office,Marketing,Compliance Awareness Podcast — S10,Podcast Sensibilisation Conformité — S10,1.0,English,Spanish,Under Review,2022-12-14,2024-11-10,2024-04-11,2025-07-27,This media content covers risk management for managers. It provides engaging storytelling and brand alignment across digital channels.,Digital Publishing,Managers;Regulators;Board,Internal,Monthly,awareness;communication,N/A,No,,Townhall,Head of Comms;CDO;CMO,Global;APAC,BNP Paribas CIB;Nickel,Immediate,,Client Acquisition,innovation;awareness;brand
MED_229,ESG,Data & AI,Podcast Platform,Internal Campaign,Campaign,Brand,IT Operations,Marketing,Annual Results Video Campaign — S10,Campagne Vidéo Résultats Annuels — S10,2.2,French,English;Italian;Spanish,Active,2021-01-07,2023-11-09,2024-01-30,2026-11-16,This media content covers esg for public. It provides engaging storytelling and brand alignment across digital channels.,Brand Management;Communication,Board,Public,Ad hoc,innovation;digital;social,Yes,Yes,https://sharepoint.bnpparibas.com/media/229,ESG Summit,,Europe,Cetelem;BNP Paribas Cardif,,Strategic Decision,Employee Engagement,communication;content;brand;engagement
MED_230,Client Experience,Innovation,Corporate Website;Mass Mailing,Internal Campaign,Article,IT Operations,Brand,Social Media,HR Onboarding Webinar Series — S10,Série Webinaires Onboarding RH — S10,3.1,French,,Archived,2022-01-22,2024-03-23,2025-03-09,2026-04-13,This media content covers client experience for board. It provides engaging storytelling and brand alignment across digital channels.,Content Production;Stakeholder Engagement,Executive Committee,Internal,Quarterly,innovation;awareness;brand,N/A,No,https://youtube.bnpparibas.com/230,Product Launch,,France;LATAM,BNP Paribas CIB,,Client Request,Cost Reduction,communication;digital
MED_231,People & Culture,Data & AI;Risk Management,SharePoint;Intranet;YouTube,External Campaign,Email,HR,Social Media,Data Office,Innovation Lab Showcase — S10,Showcase Lab Innovation — S10,2.0,English,,Under Review,2021-12-24,2025-03-21,2024-09-12,2026-04-13,This media content covers people & culture for public. It provides engaging storytelling and brand alignment across digital channels.,Digital Publishing;Stakeholder Engagement;Campaign Management,Clients;Executive Committee,Public,Annual,media;content;ESG;social;communication,N/A,No,https://sharepoint.bnpparibas.com/media/231,Digital Day,CMO;CEO,APAC,Nickel,,Internal Initiative,Employee Engagement,awareness;campaign;engagement
MED_232,ESG,Data & AI,Mass Mailing;Social Media,Product Launch,Article,Brand,Brand,Social Media,Sustainability Infographic Pack — S10,Pack Infographies Développement Durable — S10,2.0,French,French,Published,2023-06-11,2024-02-01,2024-02-01,2026-09-24,This media content covers esg for regulators. It provides engaging storytelling and brand alignment across digital channels.,Stakeholder Engagement;Content Production,Executive Committee;Public,Restricted,Monthly,brand;engagement,N/A,No,,Brand Event,CMO,Global,Nickel,Long-term,,Employee Engagement,digital;awareness
MED_233,ESG,Compliance;People & Culture,Social Media;Teams,Editorial Series,Campaign,Data Office,IT Operations,Strategy,Brand Guidelines Video — S10,Vidéo Charte de la Marque — S10,1.1,English,German;French;English,Active,2021-09-24,2025-03-18,2024-07-05,2025-06-18,This media content covers esg for clients. It provides engaging storytelling and brand alignment across digital channels.,Campaign Management,Clients;Partners,Internal,Monthly,digital;awareness;engagement;communication;content,No,No,,ESG Summit,,Europe,Hello bank!;Cetelem,Short-term,Market Evolution,Client Acquisition,transformation;brand;innovation;campaign
MED_234,Digital Transformation,Data & AI,Podcast Platform;Mass Mailing;Corporate Website,Event Coverage,Podcast,Communication,Brand,Strategy,Client Experience Story Series — S10,Série Story Expérience Client — S10,3.2,English,,Published,2022-02-16,2023-01-03,2024-11-21,2026-09-17,This media content covers digital transformation for clients. It provides engaging storytelling and brand alignment across digital channels.,Stakeholder Engagement,Partners;All Employees,Public,Ad hoc,communication;media;social,In Progress,Yes,,,Head of Comms,Middle East,Hello bank!,,Regulatory Change,Client Acquisition,content;communication
MED_235,People & Culture,Client Experience;Operations,SharePoint;Teams;Mass Mailing,Event Coverage,Live Stream,Marketing,IT Operations,Employee Engagement,Data & AI Awareness Campaign — S10,Campagne Sensibilisation Data & IA — S10,4.2,English,Spanish,Published,2022-11-11,2025-01-18,2024-01-30,2026-08-28,This media content covers people & culture for public. It provides engaging storytelling and brand alignment across digital channels.,Stakeholder Engagement;Digital Publishing;Campaign Management,Public;Clients;Board,Internal,Weekly,communication;social,In Progress,Yes,https://intranet.bnpparibas.com/media/235,,CEO;CDO,APAC,BNP Paribas SA;Nickel;Arval,,,Brand Awareness,engagement;digital
MED_236,Digital Transformation,People & Culture;Finance,Intranet;Teams,Brand Content,Email,Social Media,Marketing,IT Operations,Townhall Live Stream 2024 — S10,Live Stream Townhall 2024 — S10,3.0,English,German;Italian,Draft,2022-05-14,2024-08-30,2025-03-17,2026-02-23,This media content covers digital transformation for board. It provides engaging storytelling and brand alignment across digital channels.,Brand Management;Content Production;Communication,Partners;Managers,Public,Monthly,campaign;social;media;transformation;innovation,Yes,No,https://intranet.bnpparibas.com/media/236,,,LATAM,BNP Paribas Cardif;Nickel,Medium-term,Regulatory Change,Compliance,ESG;content
MED_237,ESG,Digital Transformation;Finance,Social Media;Podcast Platform,Brand Content,Campaign,Social Media,Employee Engagement,HR,Green Finance Email Campaign — S10,Campagne Email Finance Verte — S10,2.2,French,,Archived,2022-12-23,2025-03-29,2024-05-10,2025-10-12,This media content covers esg for board. It provides engaging storytelling and brand alignment across digital channels.,Stakeholder Engagement;Campaign Management;Content Production,Managers,Restricted,Quarterly,digital;brand,In Progress,Yes,,Annual Results,CDO,France;Middle East,Nickel;BNP Paribas Cardif,,Market Evolution,Cost Reduction,digital;transformation;social
MED_238,Data & AI,Risk Management;Digital Transformation,Intranet;Corporate Website,Brand Content,Interactive Content,Strategy,Social Media,Communication,People & Culture Podcast — S10,Podcast Personnes & Culture — S10,3.2,English,,Archived,2021-01-23,2023-06-06,2024-05-21,2025-11-26,This media content covers data & ai for partners. It provides engaging storytelling and brand alignment across digital channels.,Content Production,Board;Clients,Confidential,Annual,communication;awareness;brand;transformation;campaign,Yes,No,,Brand Event,,APAC,BNP Paribas SA;Hello bank!;Nickel,Short-term,Internal Initiative,Client Acquisition,social;digital
MED_239,Client Experience,Operations,Corporate Website;Podcast Platform,Awareness Campaign,Article,Marketing,Employee Engagement,IT Operations,Cybersecurity Awareness Month — S10,Mois Sensibilisation Cybersécurité — S10,1.0,French,,Approved,2023-02-18,2023-07-29,2024-06-29,2026-06-22,This media content covers client experience for managers. It provides engaging storytelling and brand alignment across digital channels.,Brand Management;Campaign Management,Public;Regulators,Restricted,Annual,communication;ESG;innovation;awareness,Yes,No,,,CDO,Americas,Cetelem;BNP Paribas Cardif,Short-term,Market Evolution,Employee Engagement,ESG;digital;brand;transformation
MED_240,People & Culture,Client Experience;ESG,Teams,Internal Campaign,Interactive Content,Brand,Press & Media,IT Operations,EXCO Strategy Presentation Video — S10,Vidéo Présentation COMEX Stratégie — S10,3.2,French,Spanish,Published,2022-03-15,2024-01-11,2024-03-11,2026-02-26,This media content covers people & culture for clients. It provides engaging storytelling and brand alignment across digital channels.,Stakeholder Engagement,Board,Confidential,Weekly,content;awareness,N/A,Yes,,Digital Day,CMO,Americas;APAC,BNP Paribas SA,Short-term,,Brand Awareness,brand;innovation;media
MED_241,Operations,Data & AI;Client Experience,Intranet;SharePoint;YouTube,Event Coverage,Infographic,Marketing,IT Operations,Employee Engagement,Diversity & Inclusion Campaign — S10,Campagne Diversité & Inclusion — S10,1.2,English,,Under Review,2022-09-09,2025-03-22,2024-10-07,2026-05-15,This media content covers operations for executive committee. It provides engaging storytelling and brand alignment across digital channels.,Stakeholder Engagement,Clients,Public,Ad hoc,communication;awareness;innovation;social;digital,In Progress,Yes,,Annual Results,,Europe,Arval;BNP Paribas CIB,Medium-term,Internal Initiative,Employee Engagement,social;media;campaign
MED_242,Operations,Risk Management;Data & AI,Mass Mailing,Brand Content,Campaign,Social Media,Brand,Brand,FinTech Innovation Series — S10,Série Innovation Fintech — S10,4.2,English,German;Spanish,Archived,2022-09-30,2023-08-07,2024-06-05,2026-04-03,This media content covers operations for executive committee. It provides engaging storytelling and brand alignment across digital channels.,Communication,Managers;Executive Committee;All Employees,Internal,Quarterly,campaign;ESG,No,No,https://youtube.bnpparibas.com/242,ESG Summit,CEO;CMO,LATAM;Middle East,Cetelem,Immediate,Market Evolution,Cost Reduction,social;content
MED_243,ESG,Finance,Corporate Website,Event Coverage,Campaign,Social Media,Communication,Communication,Risk Management Webinar — S10,Webinaire Gestion des Risques — S10,4.2,English,,Archived,2021-11-18,2023-12-10,2024-12-07,2026-06-02,This media content covers esg for clients. It provides engaging storytelling and brand alignment across digital channels.,Stakeholder Engagement;Digital Publishing;Content Production,Regulators;Executive Committee;Board,Internal,One-time,innovation;ESG;brand,Yes,Yes,,,CDO,Europe;Middle East,Arval;Nickel,Immediate,,Brand Awareness,ESG;transformation;awareness;brand
MED_244,ESG,Innovation,YouTube,Product Launch,Infographic,Employee Engagement,Communication,Social Media,Internal Brand Refresh Campaign — S10,Campagne Rafraîchissement Marque Interne — S10,4.1,French,,Active,2022-02-07,2023-03-27,2024-08-26,2026-06-01,This media content covers esg for public. It provides engaging storytelling and brand alignment across digital channels.,Campaign Management,Managers;Executive Committee;Partners,Public,One-time,content;innovation,No,Yes,https://sharepoint.bnpparibas.com/media/244,Annual Results,,Europe,BNP Paribas Cardif,,Client Request,Compliance,content;engagement
MED_245,Data & AI,Digital Transformation,Mass Mailing;Podcast Platform,Event Coverage,Campaign,HR,HR,IT Operations,Client Onboarding Digital Journey — S10,Parcours Digital Onboarding Client — S10,3.2,English,Spanish;German;English,Active,2021-12-04,2023-07-31,2024-07-09,2025-11-08,This media content covers data & ai for board. It provides engaging storytelling and brand alignment across digital channels.,Stakeholder Engagement;Brand Management;Communication,Public;Regulators,Confidential,Quarterly,engagement;ESG,No,Yes,,,CIO,Europe,BNP Paribas Cardif;BNP Paribas SA,Long-term,,Employee Engagement,content;social
MED_246,Compliance,People & Culture,Mass Mailing;Podcast Platform;YouTube,Event Coverage,Article,HR,Brand,Strategy,ESG Reporting Interactive Tool — S10,Outil Interactif Reporting ESG — S10,2.0,French,German,Archived,2022-08-03,2025-02-21,2024-05-03,2026-05-18,This media content covers compliance for clients. It provides engaging storytelling and brand alignment across digital channels.,Campaign Management;Communication;Brand Management,Regulators,Public,One-time,media;social;campaign;transformation;brand,Yes,No,https://youtube.bnpparibas.com/246,,,APAC,Nickel,Short-term,Internal Initiative,Compliance,brand;innovation;media
MED_247,Innovation,People & Culture;Digital Transformation,Podcast Platform;SharePoint;Corporate Website,Event Coverage,Story,Strategy,Communication,Marketing,Employee Engagement Survey Campaign — S10,Campagne Enquête Engagement Collaborateurs — S10,3.2,English,,Draft,2021-07-22,2025-01-26,2025-01-28,2025-09-13,This media content covers innovation for regulators. It provides engaging storytelling and brand alignment across digital channels.,Content Production;Stakeholder Engagement;Digital Publishing,Managers;Clients;Public,Restricted,Monthly,campaign;engagement;awareness,N/A,Yes,https://sharepoint.bnpparibas.com/media/247,Product Launch,CEO,APAC;LATAM,Arval,Immediate,Regulatory Change,Client Acquisition,digital;engagement
MED_248,Client Experience,Risk Management;ESG,YouTube;Mass Mailing,Event Coverage,Interactive Content,Strategy,Employee Engagement,IT Operations,Digital Banking Infographic — S10,Infographie Banque Digitale — S10,3.1,French,Spanish,Under Review,2021-08-02,2024-05-18,2024-10-09,2025-11-29,This media content covers client experience for regulators. It provides engaging storytelling and brand alignment across digital channels.,Content Production;Campaign Management,Partners;Executive Committee;Regulators,Internal,Ad hoc,content;transformation,Yes,Yes,,Digital Day,CEO;CDO,APAC;LATAM,Nickel,Medium-term,Internal Initiative,Client Acquisition,innovation;campaign;ESG
MED_249,Operations,Innovation;Compliance,Teams;Mass Mailing,Internal Campaign,Story,Employee Engagement,Social Media,Communication,AML Awareness Series — S10,Série Sensibilisation LCB-FT — S10,2.2,French,Spanish,Published,2022-01-23,2024-03-08,2024-03-19,2026-11-14,This media content covers operations for public. It provides engaging storytelling and brand alignment across digital channels.,Brand Management;Content Production,Executive Committee,Internal,Monthly,content;media,N/A,No,https://intranet.bnpparibas.com/media/249,Product Launch,CDO;CEO,Global;Middle East,Nickel,Immediate,Market Evolution,Compliance,social;innovation
MED_250,Digital Transformation,Client Experience,Social Media;Podcast Platform;Mass Mailing,Internal Campaign,Story,Strategy,Strategy,Press & Media,Corporate Social Responsibility Report Video — S10,Vidéo Rapport Responsabilité Sociale des Entreprises — S10,1.2,French,,Published,2021-10-03,2024-05-14,2024-04-29,2025-06-20,This media content covers digital transformation for regulators. It provides engaging storytelling and brand alignment across digital channels.,Communication,Public;Clients,Restricted,One-time,ESG;content;awareness;communication;digital,N/A,Yes,,,CEO;CIO,France,Hello bank!,Immediate,Client Request,,media;content;engagement;transformation
MED_251,ESG,Operations,SharePoint;Intranet,Awareness Campaign,Email,Data Office,Strategy,Press & Media,ESG Social Media Campaign 2024 — S11,Campagne Réseaux Sociaux ESG 2024 — S11,4.1,English,,Draft,2021-02-05,2023-11-21,2024-03-04,2026-03-06,This media content covers esg for clients. It provides engaging storytelling and brand alignment across digital channels.,Stakeholder Engagement,Clients;Public,Restricted,Annual,awareness;ESG,Yes,Yes,,Annual Results,CIO;CDO,Americas;APAC,BNP Paribas CIB;Cetelem,,,,campaign;awareness
MED_252,Client Experience,Digital Transformation;Finance,Corporate Website,Internal Campaign,Live Stream,Data Office,Strategy,HR,Digital Transformation Intranet Series — S11,Série Intranet Transformation Digitale — S11,1.2,English,German;French,Draft,2021-09-08,2023-03-13,2024-07-02,2026-09-17,This media content covers client experience for executive committee. It provides engaging storytelling and brand alignment across digital channels.,Content Production;Digital Publishing,Executive Committee;Board;Public,Public,Ad hoc,campaign;digital,N/A,No,,Townhall,,Americas,BNP Paribas Cardif;Cetelem,Short-term,Internal Initiative,,awareness;brand
MED_253,Risk Management,Innovation,Intranet;YouTube,Internal Campaign,Webinar,Press & Media,Brand,Social Media,Compliance Awareness Podcast — S11,Podcast Sensibilisation Conformité — S11,2.2,English,English;Spanish;German,Published,2021-08-11,2023-07-22,2025-01-05,2026-07-19,This media content covers risk management for partners. It provides engaging storytelling and brand alignment across digital channels.,Communication,Managers,Public,Annual,content;innovation,Yes,Yes,,Product Launch,,LATAM,Arval;Hello bank!;BNP Paribas CIB,Long-term,Market Evolution,Cost Reduction,communication;innovation
MED_254,ESG,Client Experience;People & Culture,Podcast Platform;Corporate Website;Mass Mailing,Training Series,Email,Social Media,Data Office,Data Office,Annual Results Video Campaign — S11,Campagne Vidéo Résultats Annuels — S11,2.1,French,English,Archived,2021-09-09,2024-08-25,2024-09-10,2026-12-04,This media content covers esg for managers. It provides engaging storytelling and brand alignment across digital channels.,Campaign Management;Digital Publishing;Stakeholder Engagement,Regulators;Managers;Executive Committee,Public,Monthly,media;communication;awareness;innovation;engagement,No,No,,Digital Day,,Middle East,Cetelem;Arval,Medium-term,Market Evolution,Employee Engagement,digital;ESG;engagement;social
MED_255,People & Culture,Risk Management,SharePoint,Editorial Series,Video,Press & Media,Marketing,Brand,HR Onboarding Webinar Series — S11,Série Webinaires Onboarding RH — S11,3.0,French,German,Draft,2022-05-22,2024-07-31,2025-02-18,2026-05-07,This media content covers people & culture for public. It provides engaging storytelling and brand alignment across digital channels.,Brand Management;Digital Publishing;Content Production,Regulators;Partners;Clients,Restricted,Weekly,campaign;transformation;engagement;social;awareness,Yes,No,https://intranet.bnpparibas.com/media/255,,,France,BNP Paribas SA;Arval;Hello bank!,Immediate,,,awareness;transformation;campaign;communication
MED_256,Digital Transformation,People & Culture,Mass Mailing;Corporate Website;Intranet,Editorial Series,Podcast,Social Media,Strategy,Data Office,Innovation Lab Showcase — S11,Showcase Lab Innovation — S11,3.2,French,German;Italian,Active,2022-11-07,2023-05-18,2024-07-20,2026-05-01,This media content covers digital transformation for public. It provides engaging storytelling and brand alignment across digital channels.,Campaign Management;Stakeholder Engagement;Digital Publishing,Partners;Managers;Public,Restricted,Annual,brand;ESG;communication;awareness,N/A,Yes,https://sharepoint.bnpparibas.com/media/256,,,Americas;APAC,BNP Paribas CIB;BNP Paribas Cardif,Long-term,Strategic Decision,Cost Reduction,media;social;awareness
MED_257,Innovation,Digital Transformation,SharePoint;YouTube;Corporate Website,Awareness Campaign,Live Stream,IT Operations,Brand,Strategy,Sustainability Infographic Pack — S11,Pack Infographies Développement Durable — S11,4.1,French,,Under Review,2022-06-23,2024-10-24,2024-11-20,2026-10-16,This media content covers innovation for managers. It provides engaging storytelling and brand alignment across digital channels.,Campaign Management;Brand Management;Digital Publishing,Executive Committee,Public,One-time,digital;awareness,In Progress,No,,,CDO;Head of Comms,Middle East;APAC,BNP Paribas CIB,Medium-term,,Compliance,digital;ESG
MED_258,Digital Transformation,Client Experience;Risk Management,Corporate Website;Podcast Platform,Editorial Series,Article,Strategy,Marketing,Marketing,Brand Guidelines Video — S11,Vidéo Charte de la Marque — S11,1.1,English,,Under Review,2022-06-20,2023-03-04,2025-02-10,2026-01-20,This media content covers digital transformation for managers. It provides engaging storytelling and brand alignment across digital channels.,Communication,Regulators;Partners;Clients,Public,One-time,content;campaign,No,Yes,https://youtube.bnpparibas.com/258,Brand Event,,LATAM;France,Arval;BNP Paribas Cardif;BNP Paribas CIB,Short-term,Internal Initiative,Employee Engagement,ESG;communication
MED_259,Data & AI,Finance,YouTube,External Campaign,Email,HR,HR,Employee Engagement,Client Experience Story Series — S11,Série Story Expérience Client — S11,2.1,English,French;English;German,Archived,2022-10-31,2025-02-16,2025-01-09,2025-06-19,This media content covers data & ai for all employees. It provides engaging storytelling and brand alignment across digital channels.,Brand Management;Stakeholder Engagement,Regulators,Public,Annual,campaign;innovation;social;digital,N/A,Yes,https://youtube.bnpparibas.com/259,Product Launch,,APAC,BNP Paribas Cardif,Long-term,Client Request,Compliance,engagement;awareness;ESG
MED_260,Operations,Data & AI;Digital Transformation,SharePoint,Event Coverage,Podcast,Social Media,Marketing,Social Media,Data & AI Awareness Campaign — S11,Campagne Sensibilisation Data & IA — S11,2.2,French,Italian;French;Spanish,Draft,2022-08-04,2023-07-19,2024-06-24,2025-07-12,This media content covers operations for all employees. It provides engaging storytelling and brand alignment across digital channels.,Brand Management;Communication,Partners,Public,One-time,transformation;communication;content,No,No,,,,France,Nickel,,,Employee Engagement,ESG;digital
MED_261,Operations,Compliance,Mass Mailing;Intranet,Product Launch,Story,Brand,Strategy,Strategy,Townhall Live Stream 2024 — S11,Live Stream Townhall 2024 — S11,1.2,French,English,Active,2021-09-25,2025-03-04,2024-07-29,2025-08-31,This media content covers operations for managers. It provides engaging storytelling and brand alignment across digital channels.,Campaign Management,Partners;Regulators;Executive Committee,Confidential,Monthly,communication;ESG;media,In Progress,No,https://sharepoint.bnpparibas.com/media/261,,Head of Comms;CIO;CEO,Europe;APAC,Hello bank!;BNP Paribas SA;BNP Paribas CIB,Short-term,Market Evolution,Compliance,awareness;digital;engagement;communication
MED_262,Risk Management,Innovation,SharePoint;Mass Mailing,Awareness Campaign,Infographic,Brand,Data Office,HR,Green Finance Email Campaign — S11,Campagne Email Finance Verte — S11,1.1,French,,Active,2021-02-08,2024-03-01,2024-11-04,2025-11-01,This media content covers risk management for partners. It provides engaging storytelling and brand alignment across digital channels.,Brand Management,Executive Committee,Confidential,Monthly,social;campaign;media,N/A,No,https://sharepoint.bnpparibas.com/media/262,,,APAC;LATAM,BNP Paribas CIB;Cetelem,Immediate,Strategic Decision,Cost Reduction,social;transformation;ESG;digital
MED_263,ESG,Data & AI;Innovation,Social Media,Event Coverage,Email,Social Media,HR,HR,People & Culture Podcast — S11,Podcast Personnes & Culture — S11,1.2,French,French;Italian,Published,2022-11-22,2024-09-24,2024-03-02,2025-11-30,This media content covers esg for managers. It provides engaging storytelling and brand alignment across digital channels.,Communication,Clients;Regulators,Confidential,Weekly,innovation;social;media;ESG;transformation,N/A,Yes,https://youtube.bnpparibas.com/263,,CEO;Head of Comms,France,Arval;Hello bank!;Nickel,Short-term,Strategic Decision,Employee Engagement,content;transformation;media
MED_264,Data & AI,Innovation;Digital Transformation,Intranet;Teams;YouTube,Product Launch,Video,Communication,Employee Engagement,IT Operations,Cybersecurity Awareness Month — S11,Mois Sensibilisation Cybersécurité — S11,4.1,English,English;French;Italian,Under Review,2022-04-10,2023-05-27,2024-08-29,2025-07-04,This media content covers data & ai for executive committee. It provides engaging storytelling and brand alignment across digital channels.,Campaign Management,Regulators;Partners,Public,One-time,engagement;digital;communication;media,Yes,No,,Brand Event,CIO,Americas;LATAM,Nickel,Medium-term,Regulatory Change,Client Acquisition,transformation;ESG
MED_265,Risk Management,People & Culture,Podcast Platform;Mass Mailing,Awareness Campaign,Infographic,Employee Engagement,IT Operations,Social Media,EXCO Strategy Presentation Video — S11,Vidéo Présentation COMEX Stratégie — S11,3.0,English,French;English;Spanish,Approved,2023-03-06,2023-01-21,2025-03-30,2026-03-31,This media content covers risk management for regulators. It provides engaging storytelling and brand alignment across digital channels.,Content Production;Stakeholder Engagement;Communication,Clients,Public,Quarterly,ESG;innovation;media;brand;digital,Yes,Yes,,Townhall,Head of Comms;CEO,France;Europe,Cetelem;BNP Paribas Cardif,,Market Evolution,Client Acquisition,campaign;ESG;innovation
MED_266,Digital Transformation,People & Culture;Client Experience,Teams;SharePoint,Editorial Series,Article,Data Office,HR,Social Media,Diversity & Inclusion Campaign — S11,Campagne Diversité & Inclusion — S11,2.2,French,English,Active,2022-11-28,2023-06-29,2025-04-04,2025-06-12,This media content covers digital transformation for partners. It provides engaging storytelling and brand alignment across digital channels.,Campaign Management,Board;Public;All Employees,Confidential,One-time,digital;innovation,No,No,https://youtube.bnpparibas.com/266,Digital Day,CIO,LATAM,Nickel;BNP Paribas CIB,Short-term,Market Evolution,Employee Engagement,content;awareness;social
MED_267,ESG,Data & AI;Client Experience,Teams;Mass Mailing,Brand Content,Story,Data Office,Press & Media,IT Operations,FinTech Innovation Series — S11,Série Innovation Fintech — S11,2.2,French,,Archived,2021-05-22,2025-01-12,2024-09-10,2026-04-26,This media content covers esg for managers. It provides engaging storytelling and brand alignment across digital channels.,Digital Publishing;Campaign Management,Regulators;Clients;Board,Public,One-time,digital;awareness;innovation;social;content,N/A,Yes,https://sharepoint.bnpparibas.com/media/267,Annual Results,Head of Comms;CDO,LATAM;APAC,Cetelem;BNP Paribas CIB,,Client Request,,campaign;digital;social;brand
MED_268,Data & AI,Operations,Corporate Website,Awareness Campaign,Video,Data Office,Brand,Employee Engagement,Risk Management Webinar — S11,Webinaire Gestion des Risques — S11,2.2,French,Spanish,Under Review,2022-02-23,2024-04-18,2024-11-25,2026-12-14,This media content covers data & ai for regulators. It provides engaging storytelling and brand alignment across digital channels.,Stakeholder Engagement;Communication;Brand Management,Partners;Public;All Employees,Restricted,One-time,ESG;social,No,No,,,CDO;CEO,LATAM;France,BNP Paribas CIB;Hello bank!;BNP Paribas SA,,Client Request,Cost Reduction,content;digital;engagement
MED_269,Compliance,ESG;Risk Management,Intranet,Training Series,Podcast,Strategy,HR,HR,Internal Brand Refresh Campaign — S11,Campagne Rafraîchissement Marque Interne — S11,2.2,English,,Active,2022-04-18,2023-06-21,2024-12-21,2026-06-19,This media content covers compliance for regulators. It provides engaging storytelling and brand alignment across digital channels.,Stakeholder Engagement;Communication;Content Production,Board;Managers,Confidential,Quarterly,ESG;brand;transformation,In Progress,Yes,,,Head of Comms,Americas,BNP Paribas SA,Short-term,Strategic Decision,Client Acquisition,social;communication;engagement
MED_270,People & Culture,ESG,Teams;YouTube;Intranet,Editorial Series,Campaign,Brand,Marketing,IT Operations,Client Onboarding Digital Journey — S11,Parcours Digital Onboarding Client — S11,4.2,French,German;Italian,Draft,2022-01-04,2023-07-25,2024-02-21,2026-10-02,This media content covers people & culture for public. It provides engaging storytelling and brand alignment across digital channels.,Communication;Digital Publishing;Content Production,Public;All Employees,Restricted,One-time,social;engagement;content;innovation;communication,Yes,No,https://intranet.bnpparibas.com/media/270,,CDO;CIO,Americas;Middle East,Nickel;Cetelem,Long-term,Market Evolution,Brand Awareness,awareness;digital;campaign
MED_271,Data & AI,Digital Transformation;Compliance,YouTube;Corporate Website,Brand Content,Podcast,HR,Social Media,Employee Engagement,ESG Reporting Interactive Tool — S11,Outil Interactif Reporting ESG — S11,1.2,French,,Active,2023-06-13,2023-12-09,2025-02-28,2025-09-18,This media content covers data & ai for managers. It provides engaging storytelling and brand alignment across digital channels.,Digital Publishing;Stakeholder Engagement,All Employees;Public,Confidential,Weekly,media;content;ESG,N/A,No,,Brand Event,CEO,Global,Cetelem;BNP Paribas Cardif;BNP Paribas SA,Long-term,Internal Initiative,Cost Reduction,media;innovation
MED_272,Compliance,Digital Transformation;Operations,Podcast Platform;Intranet,Internal Campaign,Interactive Content,Marketing,Social Media,Social Media,Employee Engagement Survey Campaign — S11,Campagne Enquête Engagement Collaborateurs — S11,3.1,English,,Under Review,2023-04-04,2025-02-08,2024-07-30,2026-07-10,This media content covers compliance for public. It provides engaging storytelling and brand alignment across digital channels.,Stakeholder Engagement;Brand Management;Campaign Management,Regulators,Public,Weekly,engagement;content,Yes,Yes,https://youtube.bnpparibas.com/272,ESG Summit,,LATAM,BNP Paribas Cardif;Nickel;Hello bank!,Short-term,Market Evolution,,transformation;communication;content;media
MED_273,Operations,Finance,SharePoint;Social Media,Product Launch,Article,Data Office,Brand,Strategy,Digital Banking Infographic — S11,Infographie Banque Digitale — S11,3.0,French,French;English,Archived,2022-05-12,2024-10-02,2024-11-12,2026-12-13,This media content covers operations for clients. It provides engaging storytelling and brand alignment across digital channels.,Campaign Management;Brand Management;Communication,All Employees,Internal,Monthly,social;digital;engagement,No,No,https://sharepoint.bnpparibas.com/media/273,,,Americas;LATAM,Arval,Medium-term,Client Request,Employee Engagement,innovation;transformation;social;campaign
MED_274,Digital Transformation,Operations,YouTube,Event Coverage,Interactive Content,Press & Media,IT Operations,Employee Engagement,AML Awareness Series — S11,Série Sensibilisation LCB-FT — S11,3.2,English,German,Published,2022-03-06,2023-04-09,2024-09-17,2025-11-13,This media content covers digital transformation for regulators. It provides engaging storytelling and brand alignment across digital channels.,Content Production;Stakeholder Engagement,Regulators;Clients,Public,Monthly,brand;social;transformation;digital;engagement,No,No,https://sharepoint.bnpparibas.com/media/274,Brand Event,CIO;Head of Comms;CMO,LATAM,BNP Paribas SA,,Regulatory Change,Employee Engagement,digital;ESG
MED_275,ESG,Data & AI,SharePoint;Podcast Platform;Mass Mailing,Awareness Campaign,Video,Strategy,Data Office,HR,Corporate Social Responsibility Report Video — S11,Vidéo Rapport Responsabilité Sociale des Entreprises — S11,3.1,English,,Draft,2022-10-02,2025-01-17,2025-01-17,2025-06-03,This media content covers esg for executive committee. It provides engaging storytelling and brand alignment across digital channels.,Communication;Digital Publishing,Managers;Public,Restricted,Quarterly,social;ESG,N/A,No,https://youtube.bnpparibas.com/275,Product Launch,,LATAM;APAC,BNP Paribas Cardif,,Strategic Decision,Employee Engagement,transformation;awareness
MED_276,Innovation,Data & AI;Client Experience,Teams;SharePoint,Product Launch,Live Stream,Brand,Employee Engagement,Communication,ESG Social Media Campaign 2024 — S12,Campagne Réseaux Sociaux ESG 2024 — S12,3.0,French,,Under Review,2023-01-19,2024-05-22,2024-12-07,2026-07-04,This media content covers innovation for managers. It provides engaging storytelling and brand alignment across digital channels.,Stakeholder Engagement;Digital Publishing;Campaign Management,Partners;Executive Committee;Clients,Internal,Weekly,transformation;brand;campaign;digital,N/A,Yes,,Townhall,,Global;Europe,BNP Paribas CIB;Arval;BNP Paribas Cardif,Long-term,Regulatory Change,Client Acquisition,social;content
MED_277,Digital Transformation,Innovation;Risk Management,Mass Mailing,Editorial Series,Article,HR,Employee Engagement,Press & Media,Digital Transformation Intranet Series — S12,Série Intranet Transformation Digitale — S12,1.2,English,Spanish,Approved,2021-09-30,2024-09-09,2024-07-27,2026-10-21,This media content covers digital transformation for regulators. It provides engaging storytelling and brand alignment across digital channels.,Brand Management;Campaign Management;Stakeholder Engagement,Public,Public,Ad hoc,content;digital,No,No,,Digital Day,Head of Comms,LATAM;Europe,BNP Paribas CIB,Short-term,Regulatory Change,Brand Awareness,media;digital
MED_278,Risk Management,People & Culture;Client Experience,SharePoint;Intranet,External Campaign,Story,IT Operations,Employee Engagement,Communication,Compliance Awareness Podcast — S12,Podcast Sensibilisation Conformité — S12,1.1,French,Italian,Active,2022-04-01,2024-02-12,2025-02-03,2026-11-28,This media content covers risk management for all employees. It provides engaging storytelling and brand alignment across digital channels.,Communication,Public;Board;Partners,Confidential,Ad hoc,engagement;media;social;digital;content,In Progress,Yes,https://sharepoint.bnpparibas.com/media/278,,,Americas;Middle East,BNP Paribas SA;BNP Paribas Cardif,Immediate,Regulatory Change,Brand Awareness,engagement;ESG
MED_279,Digital Transformation,Operations,Corporate Website;SharePoint,External Campaign,Interactive Content,Strategy,Employee Engagement,Social Media,Annual Results Video Campaign — S12,Campagne Vidéo Résultats Annuels — S12,3.0,French,,Draft,2022-09-28,2024-04-19,2024-10-03,2026-10-08,This media content covers digital transformation for partners. It provides engaging storytelling and brand alignment across digital channels.,Campaign Management;Digital Publishing,Executive Committee,Public,Ad hoc,media;communication;engagement;social;transformation,Yes,Yes,,Townhall,CDO,LATAM,Hello bank!,,Client Request,Cost Reduction,awareness;digital;content;engagement
MED_280,Innovation,Finance,Social Media;SharePoint;Intranet,Brand Content,Interactive Content,Marketing,Employee Engagement,Communication,HR Onboarding Webinar Series — S12,Série Webinaires Onboarding RH — S12,2.2,French,French,Draft,2022-12-20,2024-04-19,2024-07-06,2026-05-03,This media content covers innovation for managers. It provides engaging storytelling and brand alignment across digital channels.,Communication,Partners,Restricted,Weekly,campaign;communication,N/A,Yes,,,,Global,Hello bank!;BNP Paribas CIB,Medium-term,Strategic Decision,,ESG;campaign
MED_281,Compliance,People & Culture,Teams;YouTube;Mass Mailing,Training Series,Interactive Content,Social Media,Social Media,Press & Media,Innovation Lab Showcase — S12,Showcase Lab Innovation — S12,2.0,English,,Archived,2021-09-20,2023-07-17,2024-11-11,2026-05-18,This media content covers compliance for partners. It provides engaging storytelling and brand alignment across digital channels.,Brand Management;Communication,Clients,Internal,Ad hoc,media;digital;social,N/A,No,https://sharepoint.bnpparibas.com/media/281,,Head of Comms;CMO,LATAM,Arval;BNP Paribas CIB;Cetelem,Medium-term,Strategic Decision,Cost Reduction,content;digital
MED_282,Operations,Innovation,Social Media;Corporate Website;Intranet,Awareness Campaign,Live Stream,Communication,Press & Media,Marketing,Sustainability Infographic Pack — S12,Pack Infographies Développement Durable — S12,4.1,French,English,Archived,2021-07-06,2024-01-02,2024-09-28,2025-12-19,This media content covers operations for public. It provides engaging storytelling and brand alignment across digital channels.,Stakeholder Engagement;Content Production;Brand Management,Public;Regulators;Partners,Restricted,Monthly,campaign;innovation;transformation,Yes,No,https://intranet.bnpparibas.com/media/282,,,APAC,Hello bank!;Arval;BNP Paribas CIB,Immediate,Internal Initiative,Client Acquisition,content;engagement;brand
MED_283,Compliance,Data & AI;Operations,Teams;Social Media,Internal Campaign,Infographic,IT Operations,Press & Media,Employee Engagement,Brand Guidelines Video — S12,Vidéo Charte de la Marque — S12,2.0,English,German;English,Under Review,2022-12-29,2023-03-01,2024-09-13,2026-03-01,This media content covers compliance for regulators. It provides engaging storytelling and brand alignment across digital channels.,Content Production;Communication,Board;Managers;Partners,Public,Ad hoc,communication;digital;ESG,No,Yes,https://youtube.bnpparibas.com/283,,CDO;CIO,Americas,BNP Paribas CIB;Hello bank!;BNP Paribas SA,Short-term,Regulatory Change,Brand Awareness,engagement;communication
MED_284,Client Experience,Digital Transformation;Finance,Teams;Intranet;SharePoint,Brand Content,Campaign,HR,Employee Engagement,IT Operations,Client Experience Story Series — S12,Série Story Expérience Client — S12,2.0,French,German,Published,2021-01-29,2023-03-04,2024-07-31,2025-08-03,This media content covers client experience for partners. It provides engaging storytelling and brand alignment across digital channels.,Communication;Campaign Management;Content Production,All Employees;Public;Regulators,Restricted,Quarterly,communication;digital;brand;ESG,N/A,No,,,CEO;CMO,France;LATAM,Arval,Long-term,,,ESG;digital;media;engagement
MED_285,Innovation,Operations,YouTube;Podcast Platform,External Campaign,Campaign,Data Office,IT Operations,HR,Data & AI Awareness Campaign — S12,Campagne Sensibilisation Data & IA — S12,3.1,English,,Active,2023-04-14,2023-01-01,2024-10-01,2025-12-19,This media content covers innovation for clients. It provides engaging storytelling and brand alignment across digital channels.,Brand Management,Clients;All Employees;Regulators,Restricted,One-time,transformation;ESG,No,No,https://sharepoint.bnpparibas.com/media/285,,CEO,Americas,Cetelem;BNP Paribas SA,,Market Evolution,Cost Reduction,content;innovation;digital
MED_286,Digital Transformation,Client Experience;Data & AI,Social Media;Mass Mailing,Product Launch,Campaign,IT Operations,Marketing,Data Office,Townhall Live Stream 2024 — S12,Live Stream Townhall 2024 — S12,3.0,French,German,Active,2021-12-28,2024-11-14,2024-02-26,2026-10-26,This media content covers digital transformation for executive committee. It provides engaging storytelling and brand alignment across digital channels.,Campaign Management,Partners;All Employees,Public,Annual,engagement;awareness;brand;social;transformation,No,Yes,,,,APAC;Middle East,BNP Paribas SA;Hello bank!;Nickel,,Market Evolution,,media;digital;ESG
MED_287,Client Experience,Operations;Finance,Teams;Corporate Website,Product Launch,Article,Brand,Data Office,Employee Engagement,Green Finance Email Campaign — S12,Campagne Email Finance Verte — S12,1.2,English,,Approved,2021-10-25,2024-07-22,2025-04-05,2026-08-23,This media content covers client experience for board. It provides engaging storytelling and brand alignment across digital channels.,Brand Management,Clients;All Employees,Restricted,Monthly,media;content;ESG;campaign,No,Yes,https://sharepoint.bnpparibas.com/media/287,ESG Summit,CDO,APAC;Americas,BNP Paribas Cardif;Cetelem,Short-term,Internal Initiative,,content;engagement;transformation
MED_288,ESG,Innovation,Teams;Social Media;Podcast Platform,Training Series,Video,Communication,Social Media,IT Operations,People & Culture Podcast — S12,Podcast Personnes & Culture — S12,4.2,French,French;Italian,Active,2021-11-20,2023-05-07,2025-01-28,2025-07-12,This media content covers esg for managers. It provides engaging storytelling and brand alignment across digital channels.,Digital Publishing,Board;Managers;Public,Internal,One-time,innovation;awareness,No,Yes,,ESG Summit,CEO;CDO,Middle East,Cetelem;BNP Paribas Cardif;Nickel,Long-term,,,media;brand;campaign;digital
MED_289,ESG,Finance,Mass Mailing;Teams;YouTube,Internal Campaign,Infographic,HR,IT Operations,Data Office,Cybersecurity Awareness Month — S12,Mois Sensibilisation Cybersécurité — S12,3.2,English,Italian,Approved,2021-03-23,2024-04-03,2024-02-29,2025-10-25,This media content covers esg for regulators. It provides engaging storytelling and brand alignment across digital channels.,Communication;Content Production;Campaign Management,Managers,Internal,Monthly,ESG;awareness;campaign,No,No,https://sharepoint.bnpparibas.com/media/289,,,Europe,Hello bank!;BNP Paribas SA,Immediate,Internal Initiative,,awareness;brand
MED_290,Operations,Risk Management;Digital Transformation,Social Media;Corporate Website,Event Coverage,Podcast,Marketing,Communication,Communication,EXCO Strategy Presentation Video — S12,Vidéo Présentation COMEX Stratégie — S12,4.1,English,,Archived,2021-04-24,2023-02-25,2024-05-22,2025-09-16,This media content covers operations for public. It provides engaging storytelling and brand alignment across digital channels.,Content Production,Clients;All Employees,Confidential,Quarterly,media;transformation;campaign,In Progress,Yes,,,Head of Comms;CIO,Americas;LATAM,BNP Paribas Cardif;BNP Paribas SA,Immediate,Strategic Decision,Brand Awareness,communication;brand;ESG
MED_291,Operations,ESG;People & Culture,Teams;SharePoint;Podcast Platform,Editorial Series,Infographic,Employee Engagement,Communication,Social Media,Diversity & Inclusion Campaign — S12,Campagne Diversité & Inclusion — S12,2.0,English,German,Active,2023-06-04,2024-04-23,2024-02-19,2026-07-17,This media content covers operations for all employees. It provides engaging storytelling and brand alignment across digital channels.,Brand Management,Executive Committee,Public,Weekly,ESG;innovation,N/A,Yes,https://sharepoint.bnpparibas.com/media/291,,CEO,APAC;Middle East,BNP Paribas SA;Hello bank!,Long-term,,,ESG;brand
MED_292,Client Experience,People & Culture,YouTube,Internal Campaign,Interactive Content,Communication,IT Operations,Social Media,FinTech Innovation Series — S12,Série Innovation Fintech — S12,2.1,French,Italian;Spanish,Published,2021-07-04,2023-10-14,2024-03-04,2026-02-04,This media content covers client experience for board. It provides engaging storytelling and brand alignment across digital channels.,Communication;Digital Publishing,Partners;Executive Committee;All Employees,Public,Monthly,ESG;transformation,Yes,No,https://sharepoint.bnpparibas.com/media/292,Brand Event,CEO,Americas;Europe,Nickel;Cetelem;Arval,Immediate,Strategic Decision,Employee Engagement,brand;media;innovation;content
MED_293,Innovation,ESG,SharePoint,Training Series,Campaign,HR,Communication,Marketing,Risk Management Webinar — S12,Webinaire Gestion des Risques — S12,1.0,English,German,Published,2021-11-16,2025-01-29,2024-06-12,2026-12-12,This media content covers innovation for executive committee. It provides engaging storytelling and brand alignment across digital channels.,Stakeholder Engagement,Partners;Regulators,Public,Ad hoc,engagement;campaign;brand;content,In Progress,No,https://intranet.bnpparibas.com/media/293,Annual Results,,APAC,Arval;BNP Paribas SA,Long-term,Internal Initiative,Cost Reduction,transformation;content
MED_294,Data & AI,Compliance;Client Experience,Corporate Website,Product Launch,Campaign,Employee Engagement,Employee Engagement,Employee Engagement,Internal Brand Refresh Campaign — S12,Campagne Rafraîchissement Marque Interne — S12,4.2,French,German;Italian,Published,2022-03-05,2025-03-15,2024-07-30,2026-01-30,This media content covers data & ai for partners. It provides engaging storytelling and brand alignment across digital channels.,Digital Publishing;Content Production,Board;Managers;All Employees,Public,One-time,content;awareness;digital;transformation;engagement,No,No,https://sharepoint.bnpparibas.com/media/294,Brand Event,,Americas,BNP Paribas CIB,Short-term,Regulatory Change,,innovation;transformation
MED_295,Data & AI,Finance;Compliance,Intranet;Teams,Awareness Campaign,Article,Communication,Communication,IT Operations,Client Onboarding Digital Journey — S12,Parcours Digital Onboarding Client — S12,4.1,English,,Archived,2023-06-13,2023-06-14,2024-11-01,2026-06-27,This media content covers data & ai for public. It provides engaging storytelling and brand alignment across digital channels.,Communication;Campaign Management;Brand Management,Regulators;Executive Committee;Partners,Restricted,Ad hoc,communication;content,No,No,,,,Europe;Global,Hello bank!,Short-term,Client Request,Employee Engagement,awareness;campaign;content;innovation
MED_296,ESG,Client Experience,Corporate Website,External Campaign,Email,Press & Media,Brand,Strategy,ESG Reporting Interactive Tool — S12,Outil Interactif Reporting ESG — S12,3.2,French,,Published,2021-05-03,2023-02-14,2025-03-23,2025-10-19,This media content covers esg for board. It provides engaging storytelling and brand alignment across digital channels.,Communication,Board;All Employees;Executive Committee,Internal,Weekly,campaign;engagement;social;brand,Yes,No,https://intranet.bnpparibas.com/media/296,,,LATAM;Europe,Hello bank!;BNP Paribas SA,,Strategic Decision,Client Acquisition,transformation;campaign
MED_297,Compliance,Client Experience;Risk Management,Social Media;Teams;Mass Mailing,Training Series,Article,Data Office,Social Media,HR,Employee Engagement Survey Campaign — S12,Campagne Enquête Engagement Collaborateurs — S12,2.2,French,German;French,Active,2022-04-22,2025-01-03,2025-01-01,2026-06-10,This media content covers compliance for managers. It provides engaging storytelling and brand alignment across digital channels.,Digital Publishing;Brand Management,Executive Committee;All Employees;Clients,Restricted,One-time,transformation;innovation,No,Yes,https://sharepoint.bnpparibas.com/media/297,Brand Event,CMO;CDO,Global,BNP Paribas Cardif;Nickel;BNP Paribas CIB,Long-term,Client Request,Cost Reduction,awareness;communication;brand;media
MED_298,Data & AI,Client Experience;ESG,Mass Mailing;Teams,External Campaign,Email,Press & Media,Brand,Brand,Digital Banking Infographic — S12,Infographie Banque Digitale — S12,2.1,English,English;French;German,Approved,2022-01-01,2024-08-10,2025-02-14,2026-07-06,This media content covers data & ai for regulators. It provides engaging storytelling and brand alignment across digital channels.,Stakeholder Engagement;Brand Management;Communication,Executive Committee;Partners,Confidential,Monthly,digital;ESG;transformation;innovation,No,Yes,https://youtube.bnpparibas.com/298,Annual Results,CIO,APAC,Nickel;Cetelem;Arval,Long-term,,,engagement;transformation;brand
MED_299,Operations,Compliance;Finance,Intranet;Mass Mailing,Editorial Series,Email,Social Media,Brand,Social Media,AML Awareness Series — S12,Série Sensibilisation LCB-FT — S12,2.2,French,,Active,2022-10-10,2023-04-19,2024-09-16,2026-04-17,This media content covers operations for partners. It provides engaging storytelling and brand alignment across digital channels.,Stakeholder Engagement,Executive Committee;Partners,Public,Weekly,digital;brand;innovation,N/A,Yes,,Annual Results,,France,Hello bank!,Immediate,Regulatory Change,Brand Awareness,engagement;ESG
MED_300,Digital Transformation,Finance;Innovation,Podcast Platform;YouTube;Corporate Website,Product Launch,Article,Strategy,Strategy,Employee Engagement,Corporate Social Responsibility Report Video — S12,Vidéo Rapport Responsabilité Sociale des Entreprises — S12,4.0,French,,Draft,2021-05-17,2023-03-04,2024-07-29,2025-09-27,This media content covers digital transformation for managers. It provides engaging storytelling and brand alignment across digital channels.,Brand Management;Digital Publishing;Communication,Partners;All Employees;Public,Public,Quarterly,media;innovation;digital;engagement,Yes,Yes,,Brand Event,CDO;CEO,Middle East,Arval,Long-term,Market Evolution,Compliance,engagement;campaign
